コード,地区,観光時期,名称,名称ふりがな,内容・特徴,特色・持ち味など1：タイトル,特色・持ち味など1：本文,特色・持ち味など2：タイトル,特色・持ち味など2：本文,特色・持ち味など3：タイトル,特色・持ち味など3：本文,特色・持ち味など4：タイトル,特色・持ち味など4：本文,特色・持ち味など5：タイトル,特色・持ち味など5：本文,特色・持ち味など6：タイトル,特色・持ち味など6：本文,特色・持ち味など7：タイトル,特色・持ち味など7：本文,特色・持ち味など8：タイトル,特色・持ち味など8：本文,関連ＨＰ,参考文献等,,注意事項,現地情報：タイトル,現地情報：本文,現地情報：タイトル2,現地情報：本文2,現地情報：タイトル3,現地情報：本文3,駐車場,交通アクセス：車,交通アクセス：電車,交通アクセス：バス,所在地,問合せ：名称,問合せ：電話番号,周辺観光スポット,画像1：説明,画像2：説明,画像3：説明,画像4：説明,画像5：説明,画像6：説明,画像7：説明,写真1：ファイル名,写真2：ファイル名,写真3：ファイル名,写真4：ファイル名,写真5：ファイル名,写真6：ファイル名,写真7：ファイル名
A1,増田,通年,衣笠の松,きぬがさのまつ,江戸(えど)時代の終わりから明治にかけて名取郡(なとりぐん)増田北町(ますだきたまち)の肝入検断をつとめた菊池(きくち)善蔵(ぜんぞう)氏邸内の庭(現｢増田公民館｣敷地)に繁茂していた古木の中に、樹齢数百年といわれている大傘の松がありました。明治9年6月、明治天皇東北ご巡幸のおり、善蔵氏はその松の近くに新たな小休所を設け、天皇御一行の行在所に充てました。そこでの御休息の際、随行者木戸(きど)孝(たか)允(よし)が前庭の笠形の老松を見ながら｢大君の立寄りまし陰なれば、衣笠の松とこそいうなかりけれ｣と和歌を詠んだことにより、“衣笠の松”と命名されました。,□樹齢と大きさ,見事な笠形をしたこの松の樹齢は300年以上といわれています。高さは約5ｍあります。,□現地の説明板,現地には｢衣笠の松｣の説明板と｢史蹟 明治天皇御小休所 御膳水｣の石碑もあります。このほか、同じ敷地内に｢奥州路(奥州街道)、増田(宿)駅跡(名取郡北方検断屋敷跡)｣についての説明板も設置されています。そのため、ここが江戸幕府によって定められた五街道のひとつ奥州街道の白河宿以北に続く街道として、伊達政宗が仙台城開府後、本格的な城下町整備と関連し、｢東海(街)道御改｣によって整備された街道で東北表日本の代表的な幹線道路のひとつだったことがわかります。また、1650年2代藩主伊達忠宗のときに設置された増田駅についても記されており、｢衣笠の松｣との関連も分かります。,□解説：木戸孝允,木戸孝允は、天保4年(1833年)萩藩医和田昌景の長男として生まれ､後に桂家の養子となったので､桂小五郎の名でも知られています。17歳のときに吉田松陰の門下生となり､尊皇攘夷運動に参加。嘉永５年20歳の時に江戸に遊学し､神道無念流の斎藤弥九郎に入門し､剣の道で頭角を現し､翌年には塾長に抜擢。さらに､造船術や蘭学を学び､25歳で萩藩に登用され､藩命により京都で公卿､他藩との折衝に当たりますが､文久3年(1863年)の政変以後は地下活動を余儀なくされ､翌元治元年6月の池田屋事件で危うく難を逃れ､帰国後は挙藩討幕に尽力。慶応2年(1866年)には､坂本龍馬の仲介で薩摩藩の西郷隆盛､大久保利通らと薩長同盟を結び､維新回天にも尽力した人物です。維新後､名を木戸孝允に改め､新政府の要職を歴任し､西郷隆盛､大久保利通とともに維新の三傑と呼ばれています。,,,,,,,,,,,"なとり百選　http://www.city.natori.miyagi.jp/natori100/index.htm名取市HP　http://www.city.natori.miyagi.jp/",著者：野村和正｢みやぎの国道をゆく｣発行元:東北建築協会、｢名取市文化財ガイドブック｣発行元:名取市教育委員会、著者：氏家重男｢なとりの伝説と造物｣発行元:名取市郷土研究会/ふれあい、大辞林、名取市HP、山口県萩市HP,,,,,,,,,無,仙台東部道路｢名取IC｣より、県道129号線を名取市街方面へ直進。名取駅前交差点を左折し、奥州街道/国道4号線に入り｢増田神社｣入口を越えてすぐ右側。｢増田公民館｣前です。所要時間約9分。,"①JR｢名取駅｣下車、東口から県道129号線を直進。名取駅前交差点を右折し、奥州街道/国道4号線に入り約150ｍ直進。｢増田神社｣入口を越えてすぐ右側。(｢増田公民館｣前）徒歩約5分。②JR｢名取駅｣下車、東口から宮農線・まちなか循環線・北釜線・館腰名取駅線(なとりん号)・閖上線(ミヤコーバス路線)のいずれかにバス乗換。",②｢増田公民館前｣停留所下車、徒歩約1分です。,増田2-2-1,文化・スポーツ課　　　　　　　　　　　　,022-384-2111,●増田神社●｢明治天皇増田御膳水｣荘司家●鶴見屋の蔵●手織り工房あんどギャラリーておりのいえ ●ますだ母ちゃん市,衣笠の松と｢史蹟 明治天皇御小休所 御膳水｣の石碑,衣笠の松,「衣笠の松」説明板,「増田(宿)駅跡・奥州路」説明板,石碑,,,A1_01.jpg,A1_02.jpg,A1_03.jpg,A1_04.jpg,A1_05.jpg,,
A2,増田,通年,元徳の板碑,げんとくのいたび,板碑とは、板状の石に仏を表す梵(ぼん)字(じ)や紀年銘・造立趣旨などを刻んだ中世の供養塔の一種です。名取市上(かみ)余田(よでん)字大徳囲(あざおおとくい)の伝八王子(でんはちおうじ)屋敷(やしき)跡(あと)に残されている｢元徳の板碑｣は、市内に現存する板碑の中でも、特に宗教的・歴史的に重要なものの一つです。碑文中の｢右為六十六部旦那 四十八日念願｣や元徳3年(1331年)の年号から、一般的に室町(むろまち)時代に始まったとされる、全国六十六ヶ所霊場に書写した法華経を納めに行脚する風習が、すでに南北朝(なんぼくちょう)時代に行われていたことがわかるもので、中世の供養のあり方を知る上で重要なものです。,□「余田政所」の記述,碑文中の｢余田政所｣の記述からは、鎌倉時代後半頃の名取郡における統治のあり方を伺い知ることができます。鎌倉幕府執権の北条氏が所有する所領の管理は、各郡(庄・保)内の村・郷単位に地頭代(給主)を任命し支配をまかせる方式とは別に、直接郡(庄・保)の政所を設置して鎌倉から実務を行う官吏 を派遣し、村・郷単位に任命された地頭代(給主)へ鎌倉からの命令を伝達しながら管理する方法があります。後者の方式は、名取郡のように早くから北条氏領となった場所で採用されたといわれ、この板碑は、碑が所在する上余田・下余田付近にそのような政所が設置された可能性を示す貴重なものです。(※政所:平安時代中頃から将軍家・摂関家・有力寺社や荘園などに設けられ、それぞれの庶務等を執行する機関のことです),□｢元徳の板碑｣の法量,板碑の法量は、碑高150ｃｍ、碑上巾80ｃｍ、下巾86ｃｍ、碑厚38ｃｍ、石材は安山岩(自然石)。彫り方は、薬研彫種子　　の縦60ｃｍ、横30ｃｍ、深さ0.4ｃｍとなっています。,□隣接する石碑,｢元徳の板碑｣の左側には隣接して様々な供養碑が並んでいます。,□小さな社,｢元徳の板碑｣に向かう途中の右手に社があります。,□市登録　有形文化財　美術工芸品　石造物,平成19年1月31日登録,□所有者（管理者）,民有地,,,,,,｢名取市文化財ガイドブック｣発行元:名取市教育委員会、名取市HP,,入り口が道路沿いにあり、車の往来が激しいので、見学の際は十分気をつけて下さい。,,,,,,,無,仙台東部道路｢名取IC｣より、県道129号線に入り右折し、Ｙ字路を斜め右に進み、仙台バイパス/4号線を右折。右手に｢モスバーガー｣に次いで｢仙台トヨペット｣を越えた交差点を右折し、十字路を越えた左手にあります。所要時間約15分。,JR｢名取駅｣下車、東口から牛野名取駅線にバス乗換。,｢大徳｣停留所下車、岩沼方面に直進し、Ｔ字路を左折し、直進すると左手にあります。徒歩約5分。(バスは平日に3本、土日祝3本です),上余田字大徳356,文化・スポーツ課　　　　　　　　　　　　,022-384-2111,●名取老女の碑(墓)       ●耕龍寺,元徳の板碑,｢元徳の板碑｣と供養碑,｢元徳の板碑｣,供養碑,小さな社,入り口,道路沿いから,A2_01.jpg,A2_02.jpg,A2_03.jpg,A2_04.jpg,A2_05.jpg,A2_06.jpg,A2_07.jpg
A3,増田,通年,耕龍寺,こうりゅうじ,伊達家(だてけ)十一代持宗(もちむね)によって応仁(おうにん)元年(1467年)に開創されたと伝えられている｢耕龍寺｣。初代は、新潟県村上市の耕(こう)雲寺(うんじ)第九世から来られた持宗公の第五男だと言い伝えられています。見どころは市指定有形文化財建造物である｢耕龍寺山門｣と有形文化財美術工芸品とされている｢伊達持宗公夫妻供養(だてもちむねこうふさいくよう)五輪塔(ごりんとう)｣です。｢耕龍寺山門｣は、仙台藩(せんだいはん)家老(かろう)職(しょく)片倉家(かたくらけ)の居城であった旧白石城の門の1つを、明治初めに増田(ますだ)北谷(きたや)地内にある耕龍寺に移築したもので、移築の際に両妻(りょうづま)を一間切り詰めたと伝えられています。,□市指定有形文化財建造物　｢耕龍寺山門｣,旧白石城の門の大手門もしくは厩門と考えられ、総ケヤキの素木造、屋根は切妻造の三間一戸の門で、県内に残る城門のうち最も広壮な物とされています。門の形式については薬医門又は四脚門といわれていましたが、平成5年の解体復元工事時の調査の結果、薬医門に類似した門である所が判明しました。,□有形文化財美術工芸品　｢伊達持宗公夫妻供養五輪塔｣,｢五輪塔｣とは、平安時代に出現し、鎌倉・室町時代に広まった石造物で、供養塔・墓標などに用いられたものです。この寺の墓地の片隅には、 持宗夫妻の供養塔があります。塔高の高い方(72ｃｍ)が文明元年(1469年)に没した持宗の塔、塔高の低い方(62ｃｍ)が文明7年(1475年)に没した同夫人のものと伝えられています。どちらも塔の形態は同一のもので、種子や銘記は刻まれていませんが、特に笠部分の特徴から江戸時代中頃に造立されたものと見られています。,□オススメ観光時期(桜の季節：4月下旬頃),桜の咲く季節に訪ねると、山門とその脇に咲き誇る桜の花の風情ある光景を目にすることができます。,□昭和から江戸中期にかけての軒瓦,昭和から江戸中期にかけての軒瓦が山門のそばに展示されています。,□ゆかりのある人物,伊達持宗,,,,,,,"なとり百選　http://www.city.natori.miyagi.jp/natori100/index.htm名取市HP　http://www.city.natori.miyagi.jp/",｢名取市文化財ガイドブック｣発行:名取市教育委員会,,,,,,,,,　有 (無料・普通車70台程度),仙台東部道路｢名取IC｣より、県道129号線に入り名取駅方面に直進。｢名取北高等学校｣が左手にある交差点を右折し、すぐ左折して直進すると右手にあります。所要時間約8分。,"①JR｢名取駅｣下車、東口から直進して仙台バイパス/国道4号線を更に越えて進む。左手に耕龍寺の案内板があります。そこを左折するとあります。徒歩約10分。②JR｢名取駅｣下車、東口から宮農線・まちなか循環線・北釜線(なとりん号)・閖上線(ミヤコーバス路線)のいずれかにバス乗換。",②｢名取市役所前｣停留所下車、県道129号線に進むと案内板があります。徒歩約2分。,増田字北谷157 ,"①耕龍寺　　　　　　　　　②文化・スポーツ課",①022-382-3641　　　　　　　　　②022-384-2111,●名取老女の碑(墓)●名取市文化会館●トマト会●元徳の板碑●奥州三十三観音霊場(第五番札所),｢耕龍寺｣山門正面,市指定有形文化財建造物　　　「耕龍寺山門」,有形文化財美術工芸品　　「伊達持宗公夫妻供養五輪塔」,耕龍寺山門と桜,昭和から江戸中期にかけての軒瓦,曹同宗谷田山の書,入口案内,A3_01.jpg,A3_02.jpg,A3_03.jpg,A3_04.jpg,A3_05.jpg,A3_06.jpg,A3_07.jpg
A4,増田,通年,第六天神社,だいろくてんじんじゃ,｢第六天神社｣は104代後柏原天皇(ごかしわばらてんのう)の御代(みよ)、永正3年(1506年)の500年ほど前に創祀したと伝えられる神社です。もと、増田(ますだ)地区に神代七代の神々を奉斎(ほうさい)した際に、この地に第六の天神(馬(うま)塚(づか)明神(みょうじん))を奉祀したのが社号となったといわれています。御祭神は面足尊(おもだるのみこと)、惶根尊(かしこねのみこと)の夫婦神の他、配祀(主神に添えて他の神を一緒に奉る)として疫病退散の祈願のために素戔鳴命(すさのおのみこと)と、明治41年に村区にあった氏神大宮神社に祀られていた大巳貴命(おおなむちのみこと)(大国主命(おおくにぬしのみこと))が合祀されて以来、本町(ほんまち)・村(むら)区(く)地区の氏神として厚く崇敬され今日に至っています。,□中世の阿弥陀仏来種子を描く板碑,社殿の横に｢第六天神社｣の御本尊といわれている板碑がひっそりと佇んでいます。本来は梵字で表面に文字が書かれているものですが、長い年月の雨風にさらされ、現在は梵字の一部を確認できるのみです。,□かつて増田地区各所にあった七天神,白板に直接墨で書かれているため、退色が進み、読みづらくなっていますが、社殿の脇にはかつて増田地区各所に点在していた｢増田七天神｣を記したものがあります。こちらは、昭和62年6月に奉納された比較的新しいものです。,□御祭神の絵,社殿には御祭神の絵と名前が記されたものがあります。ただし、御祭神のうち面足尊、惶根尊、大巳貴命のみが描かれ、素戔鳴命だけは何故か描かれていません。平成14年に製作、奉納されたものです。,□樹齢400年を越えるイチョウの古木,樹齢400年以上といわれているイチョウの雌木があります。今でも季節になると大きな銀杏の実をつけます。,□御利益,厄除け、無病息災,,,,,,,なとり百選　http://www.city.natori.miyagi.jp/natori100/index.htm,第六天神社提供：第六天神社の縁起参照,,,□祭り・イベント,"（春）例祭：4月第3日曜日 花町神楽奉納（冬）どんと祭：1月14日",,,,,　無,仙台東部道路｢名取IC｣より、県道129号線に入り右折し、途中Ｙ字路を斜め左に進み、｢増田小学校｣を過ぎると奥州街道/国道4号線に入ります。｢(株)ハザマ｣を左折し、100ｍ程進むと着きます。所要時間約10分。,"①JR｢名取駅｣下車、東口を出て駅前の交差点を右折。奥州街道/国道4号線を約600ｍ程進み、｢(株)ハザマ｣越えたところを左折し、約100ｍ程進むと着きます。徒歩約11分。②JR｢名取駅｣下車、東口から館腰名取駅線・まちなか循環線(なとりん号)のいずれかにバス乗換。",②｢名取郵便局前｣停留所下車、奥州街道/国道4号線を北に進み、右手に見えてくる｢(株)ハザマ｣の看板を右折し、約100ｍ程進むと着きます。徒歩約2分。(バスは館腰名取駅線平日3本、土日祝は1本です。まちなか循環線平日7本、土日祝5本です),増田1-3-36,宮司　榊井　庸彦　　　　　　　　,022-382-2669,●鶴見屋の蔵●｢明治天皇増田御膳水｣荘司家●手織り工房あんどギャラリーておりのいえ●ますだ母ちゃん市●増田神社●衣笠の松,夏の終わりごろの風景,御祭神の絵,中世の阿弥陀仏来種子　　　　　を描く板碑,増田地区各所にあった　　　　　　七天神が記される白板,樹齢400年を越える　　　　　　　　イチョウの古木,,,A4_01.jpg,A4_02.jpg,A4_03.jpg,A4_04.jpg,A4_05.jpg,,
A6,増田,通年,天神塚古墳,てんじんつかこふん,　｢天神塚(社)古墳｣は、JR名取駅(なとりえき)の北東約2ｋｍの上余田字市坪(かみよでんあざいちつぼ)に所在しています。昭和54年に古墳の測量調査、昭和55年に古墳周辺の確認調査、昭和61年に古墳の東南地区の一部を発掘調査しました。これまでの調査結果から、この古墳は南北(長軸)30ｍ、東西(短軸)26ｍ、高さ2.8ｍ、古墳のまわりに幅8ｍの周溝が巡る方墳であることがわかりました。また、墳丘から古墳時代前期の土師器(はじき)、広口壷(ひろくちつぼ)や壷形埴輪(つぼがたはにわ)が出土したことで、4世紀代に造られた古墳と考えられています。なお、この古墳は、墳頂部が平坦に削平され、天神社が祀られていますが、増田(ますだ)周辺地域に現存する唯一の古墳時代前期の古墳となっています。,□墳頂部,天神塚古墳の墳頂部には、天満宮(天神社)が祀られた立派な境内があります。,□｢山神｣と｢出羽三山等の碑｣,山岳信仰や山形の出羽三山信仰が、この名取の地でも息づいていたことを表しています。,□｢馬櫪神碑｣と｢庚申塔｣,｢馬櫪神｣とは馬の守護神を意味します。両手に剣を持ち、両足で猿とセキレイを踏まえている像として描かれます。うまやの神です。その碑があることから、農耕などに使われた馬などを祀ったと考えられます。また｢庚申塔｣については中国道教の説く｢三尸説｣をもとに、仏教、特に密教・神道・修験道・呪術的な医学や、日本の民間のさまざまな信仰、習俗などが複雑に絡み合った複合信仰を表しています。,□古墳から出土した土師器,古墳時代から奈良・平安時代に作られた素焼きの土器｢土師器｣が出土しました。土師器は赤褐色か黄褐色で、文様がないのが特徴です。出土した土師器は広口壷であることから、農作物の保存や調理に使われたと考えられています。,,,,,,,,,名取市HP　http://www.city.natori.miyagi.jp/,｢名取市文化財ガイドブック｣発行元：名取市教育委員会、名取市HP,名取市教育委員会 出典:名取市ホームページ｢名取市文化財一覧｣,道も狭く、住宅が密集しているため、通行の際には十分注意して下さい。,,,,,,,　無　　,仙台東部道路｢名取IC｣より、県道129号線に入り右折し、直進していくとＹ字路があるので、そこを斜め右に進みます。名取駅前交差点を右折し、奥州街道/国道4号線に入り、左手の｢あべ脳神経クリニック｣を過ぎて更に350ｍ先の左手に赤い消化栓の看板があります。そこを過ぎ左折するとすぐ左手に見えます。所要時間約15分。,JR｢名取駅｣下車、西口または東口からまちなか循環線(なとりん号)バス乗換。,｢上余田｣停留所下車、奥州街道/国道4号線を北に300ｍ進み、左手に赤い消化栓の看板を過ぎたところを左折し、直進すると着きます。徒歩約5分。(バスは平日14本、土日祝7本です),上余田字市坪,文化・スポーツ課　　　　　　　　　　　,022-384-2111,●普門寺                 ●ステンドグラス工房ROPE,天神塚古墳,石段の参道を登った先　　　　　　　　　　　　　(墳頂部),天神社の境内の様子と社殿,神社入口,境内に建つ｢山神｣と　　　　　　　　　｢出羽三山等の碑｣,斜面上に建つ　　　　　　　　　　　　　　　｢馬櫪神碑｣と｢庚申塔｣,,A6_01.jpg,A6_02.jpg,A6_03.jpg,A6_04.jpg,A6_05.jpg,A6_06.jpg,
A7,増田,通年,名取老女の碑(墓),なとりろうじょのひ(はか),"東北の熊野(くまの)信仰(しんこう)の中心的存在である名取(なとり)熊野(くまの)三社の勧請について、昔から｢名取老女｣の物語が地元に言い伝えられています。その伝承によれば、｢昔、名取に信仰深い熊野の巫女がいて毎年紀州(きしゅう)熊野(くまの)に参拝していましたが、年老いて参拝できなくなったので、下余田(しもよでん)に小さな熊野三社を建て参拝していました。ある時、旅の山伏に紀州熊野権現のお告げ(和歌)があり、その和歌を山伏が老女に伝えたところ、老女はその内容に感涙しました｣といわれています。この老女の深い信仰心と行いから、その徳が広がり、熊野神から神託を得て、紀州熊野神を勧請しました。この墓はその老女の徳を偲んで地元の人達が建立したものです。ここでは、老女の健脚にあやかり、草鞋と草履を奉納する風習があります。",□名取熊野三社を勧請したと伝えられている巫女,名取老女とは、その熊野信仰と徳の高さから木曽熊野の地にあった熊野三社を名取の地に勧請したといわれている女性です。その徳を称え、彼女の碑を文化8年(1811年)に地元の人々が建立し、今に至ります。,□紀州熊野権現のお告げ,山伏が夢からさめ、枕上にあった一葉のなぎの葉を見ると、虫が喰ったような跡が現れ、それをたどると｢道遠し年もいつしか老いにけり　思いおこせよ我も忘れじ｣という和歌になり、それを見た老女が感涙したといわれています。,□名取老女の由来が記された説明板,｢名取老女の碑(墓)｣のそばには、彼女の行いが記された説明板が設置されています。名取老女の信仰心の厚さと徳の高さを改めて知ることができます。,□｢名取老女の碑(墓)｣周辺,　最近、周辺道路が整備され、道幅が広くなりました。案内表示も設置されています。,,,,,,,,,"なとり百選　http://www.city.natori.miyagi.jp/natori100/index.htm名取市HP　http://www.city.natori.miyagi.jp/","著者:氏家重男｢なとりの伝説と造物｣発行元:名取市郷土研究会/ふれあい｢名取市文化財ガイドブック｣発行元:名取市教育委員会",,"①周辺には民家が多いため、近隣住民に迷惑にならないよう配慮して下さい。②墓のある道への入口が狭いため、車で訪ねる際は十分に注意して下さい。",,,,,,,無,仙台東部道路｢名取IC｣より県道129号線に入り、右折して｢中荷前｣停留所を越えたＴ字路を右折し、550ｍほど直進した交差点を左折。看板があるところを右折すると着きます。所要時間約10分。,JR｢名取駅｣下車、東口から牛野名取駅線(なとりん号)バス乗換。,｢中荷北｣停留所下車、名取駅方面に直進し、二つ目の十字路を右折するとすぐ着きます。徒歩約3分。(バスは平日3本、土日祝3本です),下余田字飯塚289,文化・スポーツ課　　　　　　　　　　　　,022-384-2111,●耕龍寺●元徳の板碑,｢名取老女の墓｣正面,説明板,奉納された草鞋や草履,周辺の石碑,,,,A7_01.jpg,A7_02.jpg,A7_03.jpg,A7_04.jpg,,,
A10,増田,通年,増田神社,ますだじんじゃ,神社を囲む朱色の柵とのぼりが印象的な｢増田神社｣は笠山大荒神(かさやまだいこうじん)と称した当時、1591年徳川家康・蒲生氏郷(がもううじさと)が大崎(おおさき)の一向一揆の際に戦勝祈願を、伊達政宗(だてまさむね)が朝鮮出兵の際に武運長久(ぶうんちょうきゅう)を願って参拝したといわれる程、武運の誉れ高い神社です。そのため、かつては仙台城下からも参拝者が多かったといわれています。,□説明板,増田神社の御祭神や御神徳、由来についてがわかりやすく記された説明板があります。,□神楽舞台,境内には神楽舞台があります。現在、春の例大祭の際には、この舞台で花町神楽が舞われています。,□オススメの観光時期（春・秋）,境内の桜が満開になる春やイチョウの木が鮮やかに色づいた秋がオススメです。また、春には花町神楽の奉納が行われる例大祭もあり、いっそう賑やかになります。,□わら地蔵,名取には古くから祈願しながら藁や紐で地蔵を縛る｢しばり地蔵｣の風習があり、｢わら地蔵｣ともいわれていました。願い事が良く叶うと評判になり、遠方からの参拝者が絶えなかったといわれています。,□鳥居と狛犬,神社の入り口には、古くからの鳥居があります。そのそばには、最近新しく整備された狛犬が精悍な顔つきで佇んでいます。,□ゆかりのある人物,伊達政宗、徳川家康、蒲生氏郷、伊達忠宗,,,,,なとり百選　http://www.city.natori.miyagi.jp/natori101/index.htm,増田神社社務所提供：増田神社の縁起参照,,,□祭り・イベント,"（春）例祭：4月第2週日曜日 花町神楽奉納（夏）ふれあい夕涼み夏祭り：8月（秋）神社deバザール縁日：10月（冬）元朝参り、どんと祭：1月14日",,,,,無,仙台東部道路｢名取IC｣より、県道129号線に入り右折し、奥州街道/国道4号線とぶつかる名取駅前交差点を左折。直進していくと右手にあります。所要時間約10分。,"①JR｢名取駅｣下車、東口から奥州街道/国道4号線とぶつかる駅前交差点を右折し、直進していくと右手にあります。徒歩約5分。②JR｢名取駅｣下車、東口からまたは館腰名取駅線・宮農線・北釜線・まちなか循環線(なとりん号)閖上線(ミヤコーバス路線)のいずれかにバス乗換。",②｢増田公民館前｣停留所下車、徒歩約1分。,増田1-3-38,宮司 榊井庸彦　　　　　　　   ,　022-382-2669,●衣笠の松●第六天神社●鶴見屋の蔵●｢明治天皇増田御膳水｣荘司家●手織り工房あんどギャラリーておりのいえ●ますだ母ちゃん市,｢増田神社｣社殿,説明板,神楽舞台,春の風景,わら地蔵,鳥居と狛犬,,A10_01.jpg,A10_02.jpg,A10_03.jpg,A10_04.jpg,A10_05.jpg,A10_06.jpg,
A12,増田西,春～秋,旧中沢家住宅,きゅうなかざわけじゅうたく,十三塚公園に隣接し国指定有形文化財建造物｢旧中沢家住宅｣があります。もともと「旧中沢家住宅」は名取市愛島塩手(めでしましおて)にありましたが、昭和51年に現在地に移築しました。建築時代は18世紀中頃のものと推測されています。寄棟の茅葺屋根をもち、内部は田の字型の4間取で、座敷(おかみ)と土間との境に仕切りがなく開放されています。土間には「うしもち柱」・「ほいと柱」・「よめかくし柱」と呼ばれる独立した3本の円柱が建っています。このような、座敷の間取りや土間に建つ独立柱の配置は、名取郡(なとりぐん)一帯にかなり古くからみられる特徴ある形式で「名取型」と呼ばれ、当時の名取地方の農家建築の特徴であるといわれています。,"□一般開放期間と時間","【期間】4月中旬から11月中旬の火・木・土・日曜【見学可能な時間】10:00～15:30※平成22年度は4月15日(木)から11月9日(火)までの火、木、土、日曜計120日間",□入場料,無料,□｢名取昔ばなし語りの会｣による昔話を聞くことができる,,"一般開放期間の毎週日曜には、旧中沢家住宅内で｢名取昔ばなし語りの会｣の皆さんによる“名取の昔ばなし”を無料で楽しむことができます。【開催日】旧中沢家住宅一般解放期間の毎週日曜【開催時間】10:00～14:30【料金】無料",□民具,当時使われていた民具が展示されているため、その時代の生活を知ることができます。,,,,,,,,"なとり百選　http://www.city.natori.miyagi.jp/natori100/index.htm名取市HP　http://www.city.natori.miyagi.jp/",｢重要文化財　旧中沢家住宅」発行元:名取市教育委員会,,,,,,,,,　有(無料・普通車6台程度),仙台東部道路｢仙台空港IC｣より、県道20号線を左折、県道258号線を直進し、県道126号線とぶつかる交差点を右折。県道258号線を進み｢十三塚公園｣入り口の交差点を左折し、突き当たりを右折。直進した右手にあります。所要時間約20分。,JR｢名取駅｣下車、西口から名取が丘愛島線または県立がんセンター線[愛の杜経由](なとりん号)バス乗換。,｢名取が丘西口｣停留所下車、県道258号線を右折後直進し｢十三塚公園｣入り口の交差点を左折し、突き当たりを右折すると右手にあります。徒歩約7分。(バスは名取が丘愛島線は平日18本、土日祝は8本。県立がんセンター線[愛の杜経由]は平日2本、土日祝1本です),手倉田字山216-93,文化・スポーツ課　　　　　　,　022-384-2111 ,●十三塚公園●雷神社,旧中沢家住宅,民具,,,,,,A12_01.jpg,A12_02.jpg,,,,,
A13,名取が丘/館腰,通年,飯野坂古墳群,いいのざかこふんぐん,愛島丘陵の北東端部一帯に前方後方墳5基と方墳2基が一群をなして分布しています。本古墳群は、薬師堂(やくしどう)古墳、宮山(みややま)古墳、山居(さんきょ)古墳、山居北(さんきょきた)古墳、観音塚(かんのんづか)古墳、観音塚北一号(かんのんづかきたいちごう)墳、二号墳が所在しています。昭和50年、名取市教育委員会により、墳麓線確認測量調査を国庫補助事業として実施し、これら古墳群の年代は、史跡雷神山(らいじんやま)古墳(こふん)(5世紀前半)との関連から4世紀後半から5世紀前半と考えられています。この古墳群は、前方後方墳と方墳との組み合わせからなるもので、全国的にも類例がなく特殊な古墳群として学術的にも極めて価値の高いものです。,□国指定史跡,飯野坂古墳群のように、前方後方墳と方墳がこれだけまとまって存在する例は稀であり、密集して造られている古墳群としては日本の北限のものであることから、古墳文化研究上大変価値が高い重要な遺跡の一つとして、国指定記念史跡となりました。,□５基の前方後方墳の大きさなど,"方墳は一辺が15ｍほどで規模は小さいものですが、前方後方墳は山居北古墳(主軸長40ｍ)を除くと主軸長60～74ｍと大型で、後方部の高さは3～6ｍほどあります。薬師堂古墳　東南端に位置する全長65ｍの前方後方墳山居北古墳　山居古墳から北へ60ｍに位置する全長40ｍの前方後方墳観音塚古墳　山居古墳の東方約35ｍに位置する全長60ｍの前方後方墳宮山古墳　　中央部に位置する全長60ｍの前方後方墳山居古墳　　中央部より約180ｍ北西に位置する全長60ｍの前方後方墳",□壷型埴輪,葺石・段築は認められていませんが、昭和55年古墳西側の団地造成による墳麓線確認を行った際、薬師堂古墳の西側くびれ部墳麓付近から壷型埴輪の頸部と思われる破片が1点採取されました。そのことから4世紀末から5世紀にかけて代々の首長が次々に築造したものと考えられています。,,,,,,,,,,,"なとり百選　http://www.city.natori.miyagi.jp/natori100/index.htm名取市HP　http://www.city.natori.miyagi.jp/", ｢名取市文化財ガイドブック｣発行元：名取市教育委員会　,,足元が滑りやすいため、見学の際は注意して下さい。,□所在地,"1.薬師堂古墳／飯野坂5丁目周辺　2.山居北古墳／名取が丘1-2周辺3.観音塚古墳／名取が丘1-4周辺　4.宮山古墳／名取が丘1-8周辺5.山居古墳／名取が丘1-3周辺",,,,,-,｢薬師堂古墳｣は、仙台東部道路｢仙台空港IC｣より、県道20号線を左折し奥州街道/国道4号線を進み、Ｙ字路を斜め左に進み、すぐ左折。県道126号線を右折し500mほど直進すると、左手にあります。所要時間約10分。他の4箇所は、｢薬師堂古墳｣前を通過し、右手にある｢こばやし接骨院｣を越えたところを左折していくと｢ふたば幼稚園｣があり、隣接して｢観音塚古墳｣があります。その周辺(名取が丘)の団地に｢山居古墳｣｢山居北古墳｣｢宮山古墳｣があります。所要時間約12～15分。,"①｢薬師堂古墳｣：JR｢名取駅｣下車、東口から館腰名取駅線(なとりん号)バス乗換。②他の4箇所：JR｢名取駅｣下車、西口から県立がんセンター線または名取が丘愛島線(なとりん号)バス乗換。","①｢明観寺前｣停留所下車、すぐ入り口があります。(バスは平日3本、土日祝1本です)②｢山居住宅前｣停留所下車、周辺徒歩5～10分内。(バスは平日18本、土日祝8本です)",飯野坂5丁目・飯野坂字山　　　　　　　　・名取が丘1丁目,文化・スポーツ課　　　　　　　　　　　　　　　　,022-384-2111,●館腰遊歩道●飯野坂薬師堂●館腰神社●ポケットサークル●雷神山古墳●ふれあい市,｢飯野坂古墳群｣の説明板,薬師堂古墳,山居北古墳,観音塚古墳,宮山古墳,山居古墳,史跡飯野坂古墳群略図,A13_01.jpg,A13_02.jpg,A13_03.jpg,A13_04.jpg,A13_05.jpg,A13_06.jpg,A13_07.jpg
A14,名取が丘,通年,雷神社,らいじんじゃ,"｢雷神社｣は、雷神様を祀る地域の守護社です。天水に頼る農業にとって、雷神様は救いの主とされていました。かつては雨の欲しい時に、若者たちが｢箱(はこ)塚(づか)の雷神(らいじん)様(さま)｣を担いで練り歩き、最後に溜め池に飛びこんで雨乞いをすると、必ず雨が降ったといわれています。現在では、残念ながらこの雨乞いは行われていませんが、初夏の時期は紫陽花が咲き誇ります。紫陽花が似合う雰囲気が“雨(あま)乞(ご)いの神社(じんじゃ)”という印象を引き立てています。春は参道の桜並木も見事です。",□雷神社とは,天水に頼る農業にとって救いの主とされる雷神様を祀る地域の守護社です。かつては雨の欲しい時に若者たちが｢箱塚の雷神様｣を担いで練り歩き、最後に溜め池に飛びこんで雨乞いをすると、必ず雨が降ったといわれています。現在は行われていませんが、かつて５月の節句が雷神様の祭日でした。その日は農作業を休み、今年の五穀豊穣を祈願したと伝えられています。,□オススメの観光時期（春・夏）,,もともとのいわれからの物語性を感じる神社周辺の紫陽花が見頃となる夏と参道にある桜の木がいっせいに咲き誇る春には、花の観賞も楽しめます。,,,,,,,,,,,,なとり百選　http://www.city.natori.miyagi.jp/natori100/index.htm,著者：氏家重男｢なとりの伝説と造物｣発行元:名取市郷土研究会/ふれあい,,駐車場がないため、見学の際は公共交通機関の利用をオススメします。,,,,,,,無,仙台東部道路｢仙台空港IC｣より、県道20号線を左折、県道258号線を直進し、県道126号線を右折。県道258号線を進み、｢精神医療センター｣前を越えた交差点を右折。突き当たりまで直進すると雷神社へ行く階段に着きます。所要時間約20分。,JR｢名取駅｣下車、西口から名取が丘愛島線・県立がんセンター線・まちなか循環線(なとりん号)いずれかのバスに乗換。,｢名取が丘入口｣停留所下車、県道258号線に向かい直進し、｢精神医療センター｣手前の交差点を左折。突き当たりを右折して交差点を左折すると着きます。徒歩約8分。,箱塚1－20 ,文化・スポーツ課,022-384-2111,●十三塚公園             ●旧中沢家住宅,雷神社,参道と鳥居,参道 ,狛犬,雷神社からの景色,桜の花の咲く参道　　　　　　　オススメ観光時期(春),紫陽花の咲く季節　　　　　　　オススメ観光時期(夏),A14_01.jpg,A14_02.jpg,A14_03.jpg,A14_04.jpg,A14_05.jpg,A14_06.jpg,A14_07.jpg
A16,閖上,通年,多賀神社,たがじんじゃ,西暦98年、日本武尊(やまとたけるのみこと)が東征の時に重い病にかかり、この社を建て武運長久と国家安泰、病気平穏の祈願をし、無事に大和に凱旋したと伝えられる由緒ある古社です。「封内風土記(ほうないふどき)」によれば、西暦458年雄略天皇(ゆうりゃくてんのう)が東国御巡幸(とうごくごじゅんこう)の際に祭祀田(さいしでん)として圭田(けいでん)58束を賜り、祭禮(さいれい)を行った延喜式内社(えんぎしきないしゃ)とあり、明治時代に社格制度が整えられ、県内で最も早い明治4年2月に郷社(ごうしゃ)に列格、同年には、40年幣帛供進社(へいはくきょうしんしゃ)に指定されました。,□頌徳碑,境内には増田繁幸氏の功績を讃えた立派な頌徳碑が建てらています。増田繁幸氏とは、明治4年仙台藩大参事、一関県参事、磐井県令を歴任し、名取郡高柳村に居を定め、閖上―増田間に新道を開設し地方振興に尽力、第七十七国立銀行の創立に参画し、明治12年から23年まで初代県会議長を勤め、のち衆議院議員、貴族院議員となり、明治29年71歳で亡くなりました。昭和10年、彼の功績を顕彰し、居を定めていた名取郡高柳村に位置する多賀神社境内に地元の人たちにより立派な頌徳碑が建てられました。,□皇壇ヶ原,多賀神社から徒歩約3分圏内に、通称｢松っ子｣と呼ばれている夫婦松が並ぶ塚があります。ここは日本武尊の祭壇のあったところだといわれています。,□参道の桜並木,春には参道の桜が咲き誇ります。｢仙台しだれ｣という名のしだれ桜も見事です。,□秋の境内,境内には、見事なイチョウの木があります。社殿の裏手にあるイチョウの木は、樹齢100年以上だといわれています。秋には鮮やかに紅葉し、参拝や散歩に訪れる人々の目を楽しませています。,□御利益,家内安全、商売繁盛、延命長寿,□高柳地区,神社の位置する高柳地区はカーネーションが有名で、カーネーションを栽培するビニールハウスがあちこちで見られます。,,,,,なとり百選　http://www.city.natori.miyagi.jp/natori100/index.htm,増田繁幸氏については、登米市のみやぎ明治村一角「水沢県庁記念館」に資料があります。｢宮城県・仙台市の歩みと七十七銀行｣HP内、明治11年(1878年)2月の第七十七国立銀行創立願書にもその名が記されています。,,,,,,,,,無,仙台東部道路｢名取IC｣より、県道129号線に入り右折。直進して大曲(多賀神社前バス停付近)の交差点を右折すると左手に看板があり、左折すると着きます。所要時間約5分。,JR｢名取駅｣下車、東口から①牛野名取駅線(なとりん号)または②閖上線(ミヤコーバス路線)バス乗換。,"①｢多賀神社前｣停留所下車、徒歩約2分(バスは平日3本、土日祝3本です)②｢多賀社前｣停留所下車、十字路を仙台方面へ直進し、左側にあります。徒歩約2分。",高柳字下西50,宮司　伊藤隆治　　　　　　　    　,022－385－0804,●洞口家住宅●宮城野バラ工房　梶農園●旬の情報館,｢多賀神社｣社殿正面,頌徳碑,参道の桜並木,,,,,A16_01.jpg,A16_02.jpg,A16_03.jpg,,,,
A17,閖上～下増田,通年,貞山運河(貞山堀),ていざんうんが(ていざんぼり),阿武隈川(あぶくまがわ)河口と石巻市(いしのまきし)を結び7市2町にまたがる運河で、総延長46.4ｋｍと国内最長です。その歴史は400年前にさかのぼります。貞山運河は、1597年伊達政宗(だてまさむね)が川村孫兵衛重吉(かわむらまごべえしげよし)に命じ工事を開始しました。運河開削の当初の目的は、築城のために必要な材木を角田(かくだ)、丸森(まるもり)から仙台に集めるためでしたが、その後、仙台藩(せんだいはん)の拡大によって、石巻や松島(まつしま)に集まる米などの物資を遠方(岩手県南部の水沢(みずさわ)、大船渡(おおふなと))より仙台城下町へ舟運によって集結させる必要が出てきたため、運河が伸びたとされています。,□貞山運河紀行,｢貞山運河｣を利用した紀行は、不定期に各旅行会社が企画し、開催されています。船での貞山運河紀行は、陸から眺めるものとはまた異なる視点で楽しむことができます。                 貞山運河紀行に関する問い合わせは｢針生丸｣(022-385-0491)、「小畑地引網」（022－385-0497）へ連絡下さい。,□運河沿いの松並,｢貞山運河｣沿いには、所々に松並木が見られます。貞山運河紀行などで名取川を通過する際には、｢なとり百選｣にも選ばれている｢閖上土手の松並(あんどん松)｣を船から眺めることができます。,□貞山運河の四季,｢貞山運河｣からは、運河沿いの四季折々の景色を楽しめます。特に松並木が雪に覆われる冬の景色は、風情があります。,□関連イベント等,"貞山運河フェスティバル(名取市と岩沼市で交互に開催)貞山運河紀行(不定期開催・各旅行会社等が企画)",,,,,,,,,"なとり百選　http://www.city.natori.miyagi.jp/natori100/index.htm名取市HP　http://www.city.natori.miyagi.jp/仙台市HP　http://www.city.sendai.jp/貞山運河事典　http://teizanunga.com/default.aspx","著者:氏家重男｢なとりの伝説と造物｣発行元:名取市郷土研究会/ふれあい｢名取市文化財ガイドブック｣発行元:名取市教育委員会",,,,,,,,,無,仙台東部道路｢名取IC｣より、県道129号線を閖上方面に5分ほど直進し、水門を目印に、すぐのところにあります。所要時間約5分　,"①仙台空港鉄道｢杜のせきのした駅｣下車、閖上杜せきのした線(なとりん号)バス乗換。②JR｢名取駅｣下車、東口から閖上線(ミヤコーバス路線)バス乗換。","①｢閖上｣停留所下車、十字路を左折し、直進すると着きます。(バスは平日3本、土日祝3本です)②｢閖上二丁目｣停留所下車、海側に進むと水門があるので水門の手前を右折すると着きます。徒歩約2分。",閖上地内,建設課　　　　　　　　　   ,022-384-2111,-,貞山運河の風景,｢貞山運河紀行｣風景,,,,,,A17_01.jpg,A17_02.jpg,,,,,
A18,閖上,通年,広浦の入江,ひろうらのいりえ,"｢広浦の入江｣周辺は自然が多く、防風林には野鳥や昆虫が多く生息しています。湿地帯には、葦(よし)が生い茂り、そこでも様々な生き物の生態を観察する事ができます。そうした意味で広浦は、沢山の自然に触れるには最適な場所です。また写真家の人々が良いロケーションをフィルムに収めようとする姿も度々見受けられます。",□広浦に架かる｢広浦大橋｣,広浦には｢広浦大橋｣が架かっています。広浦全体を眺めるスポットとしてオススメです。,□冬の広浦,周辺の木々が雪景色となる冬の広浦の景観も見ごたえがあります。,□景観が魅力,広浦湾付近では、その自然景観の美しさを撮影しようとカメラを持参する人を見かけることがあります。,,,,,,,,,,,なとり百選　http://www.city.natori.miyagi.jp/natori100/index.htm,,,,,,,,,,無,仙台東部道路｢名取IC｣より、県道129号線を閖上方面に直進し、信号を斜め右に曲がり、1ｋｍほど直進すると信号があります。そこから3つ目の十字路を右に曲がり直進すると着きます。所要時間約9分。,"①仙台空港線｢杜せきのした駅｣下車、駅前から閖上杜せきのした線(なとりん号)バス乗換。②JR｢名取駅｣下車、閖上線(ミヤコーバス路線)バス乗換。","①｢閖上｣停留所下車、空港方面へ歩くとすぐに十字路があります。そこを右折し、徒歩約1分です。(バスは平日3本、土日祝3本です)②｢閖上5丁目｣停留所下車、仙台方面へ歩くとすぐに十字路があります。そこを右折し、徒歩約1分です。",閖上地内,商工水産課　　　　　　　　    , 022-384-2111,●貞山運河(貞山堀)●開運橋●名取市サイクルスポーツセンター●湊神社●ゆりあげ港朝市●ゆりあげの赤貝どん ●閖上海浜プール●ゆりあげビーチ,広浦の入江,,,,,,,A18_01.jpg,,,,,,
A19,閖上,春～秋,洞口家住宅,ほらぐちけじゅうたく,"洞口家住宅は、敷地1,500坪以上、周囲は幅3mの堀といぐね（防風林）に囲まれています。由緒については詳しいことはわかりませんが、古くから「たてのい」・「たてやしき」と呼ばれる旧家です。主屋(おもや)（母屋）は、寄棟造(よせむねづくり)、茅葺(かやぶき)、石場建てで、桁(けた)行(ゆ き)12間（25m）、梁間(はりま)6間（11m）、床面積242㎡（約73坪）を有する大型農家の建物です。建物内部は　座敷（茶の間）と土間の間仕切りがなく、床上が四間取り（田の字型）となる名取地方に古くから見られる特徴的なもので、「名取型」と呼ばれています。土間には「ほいと柱」「うしもち柱」「よめかくし柱」などの太い独立柱が数本立っており、特に土間と座敷の境の真ん中にある立派な独立柱（復元）は他に例がなく、この家の格式(かくしき)の高さを示しています。建築年代は、祈祷(きとう)礼(ふだ)や年縄の数、建築の様式などから江戸時代の宝暦年間 （1751～1763）と考えられています。　なお、この洞口家住宅は主屋だけでなく、その後、敷地及び馬屋と表門（長屋門）についても景観上重要な要素であるとして、併せて国指定となっています。",□国指定重要文化財,｢洞口家住宅｣は主屋だけでなく、旧馬屋と表門についても景観上重要な要素であるとして、国指定重要文化財に指定されています。｢名取型｣の形式である主屋は、旧仙台領内最大規模であるといわれています。,□しだれ桜や紫陽花,春には表門のそばの桜、夏には周辺に咲く紫陽花が｢洞口家住宅｣を彩ります。,□農家レストランや産直としての活用,｢洞口家住宅｣は昔ながらの食事が楽しめる農家レストラン｢いにしえの館　たてのいえ｣としても4月中旬から10月下旬ごろまで活用されています。また、毎週土曜日には産直｢旬の情報館｣の会場にもなっています。,,,,,,,,,,,"なとり百選　http://www.city.natori.miyagi.jp/natori100/index.htm名取市ＨＰ　http://www.city.natori.miyagi.jp/","著者:氏家重男｢なとりの伝説と造物｣発行元:名取市郷土研究会/ふれあい｢名取市文化財ガイドブック｣発行元:名取市教育委員会｢重要文化財洞口家住宅(パンフレット)｣発行元:名取市教育委員会",,,□見学予約の有無,見学については、5日前までに所有者に直接問合せ下さい。ただし、市外団体および研修等見学の場合は文化振興課文化財係(022-384-2111)へ問い合わせ下さい。,□トイレ,有,□写真撮影,　所有者の許可を得ること,有（無料・普通車6台）※車イス対応駐車場 有,仙台東部道路｢名取IC｣より、県道129号線を右折し、多賀社前のバス停を越えた交差点(大曲)を左折。450ｍほど直進し、左折すると左手にあります。所要時間約5分。,"①JR｢名取駅｣下車、東口から牛野名取駅線(なとりん号)バス乗換。②JR｢名取駅｣下車、東口から閖上線(ミヤコーバス路線)バス乗換。","①｢多賀神社前｣停留所下車、県道129号線に入り更に450ｍほど直進し、左折すると着きます。徒歩約12分。(バスは平日3本、土日祝3本です)②｢多賀社前｣停留所下車、交差点を左折し450ｍほど直進して左折すると着きます。徒歩約12分。",大曲字中小路26,洞口　京一　　　　　　　　　　　,022-385-1908,●多賀神社　　　　　　　　●宮城野バラ工房　梶農園,｢洞口家住宅｣主屋正面,表門,しだれ桜,紫陽花,春の｢洞口家住宅｣表門,,,A19_01.jpg,A19_02.jpg,A19_03.jpg,A19_04.jpg,A19_05.jpg,,
A21,閖上,通年,閖上土手の松並（あんどん松）,ゆりあげどてのまつなみ（あんどんまつ）,"　名取川右岸提防沿いの松並は、｢あんどん松｣と呼ばれ昔から地域の方々に親しまれています。この｢あんどん松｣は、仙台藩(せんだいはん)初代(しょだい)藩主(はんしゅ)伊達政宗(だてまさむね)により遠州(えんしゅう)(現在の静岡県浜松市周辺)から取り寄せ植えたもので、現在残っているのはその一部です。地元の漁師が灯台がわりの目印に使っていたとも伝えられています。｢あんどん松｣は市の登録文化財に指定されています。",□松の種類,｢あんどん松｣の松の種類は、本州北部から九州のトカラ列島まで広く分布し、昔から海岸の防風林や防潮林として街道沿いに植えられてきたクロマツです。地元の人達にはオトコマツまたはオマツと呼ばれています。,□巨樹の並ぶ松並,平均直径が75ｃｍ以上、高さが25ｍ以上におよぶクロマツは、宮城県内においてほとんど見られなくなったといわれています。そのため、このような大きさの松並は珍しく、景観上からも貴重なものといわれています。,□伊達政宗により遠州から取り寄せた,仙台藩より現在の静岡県浜松市周辺である遠州から取り寄せ、江戸時代に閖上浜と仙台城下を結ぶ名取川堤防沿いの旧道へ植えられた松並の一部が、現在の閖上土手のあんどん松です。48本が現存しています。,□灯台代わりの目印,漁船が閖上港へ帰港の際、目印になっていたといわれています。,□ゆかりのある人物,伊達政宗,,,,,,,"なとり百選 http://www.city.natori.miyagi.jp/natori100/index.htm名取市HP　http://www.city.natori.miyagi.jp/","｢名取市文化財ガイドブック｣発行元:名取市教育委員会｢好きです閖上　閖上の歴史のいったんをひもとく｣発行者:閖上公民館長　大脇兵七",,,,,,,,,無,仙台東部道路｢名取IC｣より、県道129号線に入り閖上方面へ2分ほど進み信号を左折して更にすぐ左折。1つ目の右折路を進み、突き当りを左折するとあります。所要時間約8分。,JR｢名取駅｣下車、東口から閖上線(ミヤコーバス路線)バス乗換。,｢閖上小学校前｣停留所下車、県道129号線上を閖上方面へ進み、交差点を左折して更にすぐ左折。1つ目の右折路を進み、突き当りを左折すると現地です。徒歩約10分。,閖上字新大堀,文化・スポーツ課　　　　　　　　,022-384-2111,●貞山運河(貞山堀)       ●名取川,名取川河口より,説明板,40本以上続く松並,,,,,A21_01.jpg,A21_02.jpg,A21_03.jpg,,,,
A23,下増田,通年,経ノ塚古墳跡,きょうのづかこふんあと,｢経ノ塚古墳｣は、名取市東部の海岸線から約2ｋｍ内陸の浜堤上に築かれた、直径36ｍ、高さ約7ｍの周湟(しゅうこう)が伴う円墳です。土取工事や道路工事などで墳(ふん)丘(きゅう)は完全に崩されてしまいました。明治45年の調査により家形埴輪(いえがたはにわ)・鎧形埴輪(よろいがたはにわ)・円筒埴輪(えんとうはにわ) が発見され、大正12年の隔離病舎建設の際は、墳丘から1.8ｍ掘った所に粘板岩製の長持型組合石棺が出土し、その中から2体分の人骨、直弧文(ちょっこもん)が入った鹿角製(ろっかくせい)刀装具をつけた直刀2口、刀子(とうし)1口、漆塗の櫛(くし)などが発見されました。古墳から発見された長持型組合石棺・鹿角製刀装具・家形埴輪・鎧形埴輪については日本最北の出土例であり、出土品等から、古墳は5世紀中頃に畿内政権と密接な関係を持つ、有力者の古墳と考えられています。,□日本最北の出土例がある,古墳から発見された長持型組合石棺・鹿角製刀装具・家形埴輪・鎧形埴輪は日本最北の出土例です。,□国指定重要文化財が出土している,出土した埴輪のうち、東北大学に保管してある家形埴輪・鎧形埴輪・円筒埴輪は、国の重要文化財に指定されてます。,□周辺情報(雷神塚古墳、毘沙門堂古墳）,ここから約1.2ｋｍ南西方向に直径30ｍ高さ5ｍの二段構築の円墳｢雷神塚古墳｣があり、その円墳の周りには周濠がめぐらされていました。また、ここから約1.5ｋｍ南西方向には5世紀中頃の築造と思われる｢毘沙門堂古墳｣があります。大きさは直径50ｍ、高さは約8ｍ。形は珍しい帆立貝式の前方後円墳だった可能性があると考えられています。,□社,土取工事や道路工事などで墳丘は完全に崩されてしまいましたが、跡地には社があります。,,,,,,,,,名取市HP　http://www.city.natori.miyagi.jp/,"｢名取市文化財ガイドブック｣発行元:名取市教育委員会名取市HP",｢名取市文化財ガイドブック｣発行元:名取市教育委員会,,□トイレ,　有,,,,,　有(無料・普通車5～6台収容スペース有),仙台東部道路｢名取IC｣より、県道129号線を右折し、交差点を左折。県道10号線を右折し直進し｢毘沙門堂｣前を越え、次の交差点の信号を左折。直進していくと右手にあります。｢西経塚｣停留所が目印です。所要時間約15分。　,"①JR｢名取駅｣下車、東口から北釜線(なとりん号)バス乗換。②仙台空港線｢美田園駅｣下車、駅前から北釜線(なとりん号)バス乗換。",①②｢西経塚｣停留所下車、すぐ目の前です。(バスは①平日3本、土日祝1本です②平日のみ1本です),下増田字西経塚,文化・スポーツ課　　　　　　　　　　　,　022-384-2111,●仙台空港●第一臨空公園・第三臨空公園●第二臨空公園,経ノ塚古墳跡,社,｢経ノ塚古墳｣の説明板,,,,,A23_01.jpg,A23_02.jpg,A23_03.jpg,,,,
A26,下増田,通年,名取十二神神社,なとりじゅうにしんじんじゃ,元々は高舘(たかだて)熊野堂(くまのどう)神社(じんじゃ)から下増田(しもますだ)の北釜(きたかま)に神輿として下ったのが始まりの神社とされています。北釜は熊野堂から来た神主が開拓し、この地に熊野本宮社(くまのほんぐうしゃ)(十二神)を分祀(ぶんし)したのが｢名取十二神神社｣だといわれています。高舘と下増田の繋がりがわかります。,□熊野本宮社之大神の札,境内にある祠には、熊野本宮社之大神の御札が祀られています。石塔も風化し、御本尊が何かも定かではありませんが、熊野神社との繋がりを強く感じさせます。,□石の祠と石塔,林に囲まれた神社の境内には、祠と石塔があります。,,,,,,,,,,,,,なとり百選　http://www.city.natori.miyagi.jp/natori100/index.htm,,,,,,,,,,無,仙台東部道路｢仙台空港IC｣より、県道20号線を仙台空港方面に向かい、3.6ｋｍほど進むと信号があるのでそこを右折。道なりに1ｋｍほど進むと信号のある交差点にでるため、そこを右折し、2つ目の右折路に入って道なりに150ｍほど進むと現地に到着します。所要時間約15分。,"①仙台空港線｢仙台空港駅｣下車、徒歩で東北大学ボート部の合宿所の近くの橋を渡り｢観音寺｣と｢下増田神社｣の前を抜けると交差点にぶつかります。交差点を右折し、すぐをさらに右折して一本目の道を左折。道なりに進むとＴ字路にぶつかります。右折して50ｍほど行くと現地に到着します。徒歩約10分。②JR｢名取駅｣下車、東口から北釜線(なとりん号)バス乗換。",②｢北釜｣停留所下車、海側に向かい2本目の道を右折し、道なりに200ｍほど進むと現地に到着します。徒歩約5分。(バスは平日3本、土日祝1本です),下増田字屋敷,-,,●海からの風・絵画館●光明山観音寺千体仏・地蔵堂●貞山運河(貞山堀),｢名取十二神神社｣鳥居,石の祠と石塔,熊野本宮社之大神の札,,,,,A26_01.jpg,A26_02.jpg,A26_03.jpg,,,,
A27,館腰,通年,飯野坂薬師堂,いいのざかやくしどう,｢飯野坂薬師堂｣は、｢飯野坂古墳群｣の一角に鎮座しています。境内には、桜、つつじ、紫陽花が季節の移ろいとともに美しく咲きます。特に、開花期のしだれ桜は、滝から水が流れ落ちるような迫力と、堂々とした美しい風格で、訪れた人の目を楽しませてくれます。また、｢飯野坂薬師堂｣は｢館腰遊歩道(たてこしゆうほどう)｣の通り沿いにあります。そのため、近隣を散策しながら様々な角度で、四季折々の景色を楽しむことができます。,□オススメ観光時期(春・夏),堂々とした風格を見せる｢飯野坂薬師堂｣のしだれ桜は、市内でも有数の桜のスポットとして知られています。階段下から見上げるしだれ桜の迫力は満点です。｢飯野坂薬師堂｣のしだれ桜は｢なとり百選｣にも選ばれています。また、夏は境内に紫陽花が咲き誇ります。例年は、6月下旬頃から7月中旬にかけてが見頃です。,□石段,｢館腰遊歩道｣沿いには｢飯野坂薬師堂｣境内につづく石段があります。真っ直ぐな石段を一段一段登ると、様々な石像や、自然風景に出会うことができます。,□国指定史跡 飯野坂古墳群,｢飯野坂薬師堂｣は国指定史跡 飯野坂薬師堂古墳群の一角に鎮座しています。石段の手前にある｢館腰遊歩道｣沿いには説明板があります。,,,,,,,,,,,,,,,,,,,,,無,仙台東部道路｢仙台空港IC｣より、県道20号線を左折し奥州街道/国道4号線を直進。Ｙ字路を斜め左に進み、すぐ左折。県道129号線を右折し、500ｍほど直進していくと、左手にあります。所要時間約10分。,JR｢名取駅｣下車、東口から館腰名取駅線(なとりん号)バス乗換。,｢明観寺前｣停留所下車、すぐ入り口があります。(バスは平日3本、土日祝1本です),飯野坂字山219,明観寺　　　　　　　　　　　　,022-382-2757,●館腰遊歩道●飯野坂古墳群●雷神山古墳●館腰神社●ふれあい市,境内に紫陽花の咲く｢飯野坂薬師堂｣,オススメ観光時期(春)｢飯野坂薬師堂｣のしだれ桜,オススメ観光時期(夏)｢飯野坂薬師堂｣と紫陽花,参道の階段,,,,A27_01.jpg,A27_02.jpg,A27_03.jpg,A27_04.jpg,,,
A29,館腰,通年,館腰神社,たてこしじんじゃ,｢館腰神社｣は、第52代嵯峨(さが)天皇(てんのう)の御代、弘(こう)仁(にん)2年(811年)僧空海(弘法大師(こうぼうだいし))東北巡行の折、当地の村人らと相謀り、京都伏見稲荷大社(きょうとふしみいなりたいしゃ)より御分霊を奉齋(ほうさい)したと伝えられる古社で、日本三稲荷竹駒(たけこま)神社(じんじゃ)の姉神(あねがみ)として崇敬されている由緒ある神社です。明治7年には県社に列せられ、明治41年以降に熊野(くまの)神社(じんじゃ)・鹿島(かしま)神社(じんじゃ)・八坂(やさか)神社(じんじゃ)・雷(いかづち)神社(じんじゃ)・八幡(はちまん)神社(じんじゃ)・神明社(しんめいしゃ)・起返(おきかえし)神社(じんじゃ)等を合祀し、一村一社としました。御祭神は倉稲魂神(うかのみたまのかみ)、猿田彦神(さるたひこのかみ)、大宮姫神(おおみやひめのかみ)、配祀(はいし)として11の十四柱(じゅうよんばしら)の神々を祀っています。そのほか、学問と農業の神として知られる菅原道真(すがわらのみちざね)公を奉った｢天満社(てんまんしゃ)｣もあります。また、秋の紅葉の季節にはカメラマンが撮影に来るほど見事な紅葉スポットとしても知られています。,□神社の由来が書かれた説明板,説明板があるので、ぶらりと立ち寄っただけでも神社の由来を知ることができます。,□｢天満社｣とその由来が書かれた説明板,境内には学問の神様として知られる｢天満社｣もあります。その隣には｢天満社｣の由来が書かれた説明板もあります。,□オススメ観光時期(春・秋),春は参道脇に咲く桜、秋は神社境内や遊歩道沿いにあるもみじが神社を彩ります。,□カメラマンの集まる紅葉撮影スポット,遊歩道沿いの水路の水面を、紅葉したもみじの葉が真っ赤に染める景色の美しさが口コミで広がり、季節になるとカメラマンが訪れ、撮影をしている姿も見られます。,□館腰遊歩道,自然も多く、ウォーキングコースにも組まれることの多い｢館腰遊歩道｣が｢館腰神社｣を通過しています。,□市内を一望,参道の階段を登りきると市内を望めるビューポイントがあります。参道の階段脇には大きなしだれ桜の古木もあり、春には桜も鑑賞できます。,□花町神楽,毎年、神社の例祭(4月10日)には市指定民俗文化財である｢花町神楽｣が見学できます。,□御利益など,五穀豊穣、商売繁盛の御利益があるといわれます。また、古くから神社を参拝している方々には、｢館腰神社｣・｢鹽竈神社｣・｢竹駒神社｣の“三社参り”を行う人もいます。,なとり百選　http://www.city.natori.miyagi.jp/natori100/index.htm,"著作:氏家重男｢なとりの伝説と造物｣発行元:名取市郷土史研究会/ふれあい｢名取市文化財ガイドブック｣発行元:名取市教育委員会館腰神社｢館腰神社の由来｣より",,,□祭り・イベント,例祭：4月10日　※花町神楽の奉納を見学できます。,,,,,有（無料・中型バス可、普通車12台程度）,仙台東部道路｢仙台空港IC｣より、県道20号線に入り左折し奥州街道/国道4号線を右折。館腰駅前を越えた信号のある交差点を左折。直進し、突き当たりを左折すると右手に｢館腰神社｣があります。所要時間約7分。,"①JR｢館腰駅｣下車、西口から直進し突き当たりを右折すると左手に｢館腰神社｣があります。徒歩約3分。②JR｢名取駅｣下車、東口から館腰名取駅線バス乗換。",②｢館腰郵便局前｣停留所下車、突き当たりを右折すると左手に｢館腰神社｣があります。徒歩約1分。(バスは平日3本、土日祝1本です),館腰字植松4-2-16,宮司　菅野玲子　　　　　　　　　　,022-382-3610,●館腰遊歩道●雷神山古墳●飯野坂古墳群●飯野坂薬師堂●ふれあい市●芭蕉の句碑(道祖神路),｢館腰神社｣社殿,由来の書かれた説明板,天満社と説明板,｢館腰神社｣参道と紅葉,市内を一望,境内に咲く桜　　　　　　　　　　オススメ観光時期(春),鮮やかに色づくもみじ　　　　　　　　　オススメ観光時期(秋),A29_01.jpg,A29_02.jpg,A29_03.jpg,A29_04.jpg,A29_05.jpg,A29_06.jpg,A29_07.jpg
A30,館腰,通年,芭蕉の句碑(道祖神路),ばしょうのくひ(どうそじんろ),"奥州(おうしゅう)街道(かいどう)を｢館(たて)腰(こし)神社(じんじゃ)｣から岩沼(いわぬま)方面に進むと、“道祖神路(どうそじんろ)”と書かれた石碑が現れます。これが｢芭蕉の句碑 (道祖神路)｣です。石碑の正面には“道祖神路”と大きく書かれています。石碑の北面には藤原実方について、南面には芭蕉が笠島で読んだ句｢笠島(かさしま)は　いずこ皐月(さつき)の　ぬかり道(みち)｣が刻まれています。その横には、文化財であることがわかる標柱(ひょうちゅう)が立てられています。",□標柱と｢芭蕉の句碑(道祖神路)｣と石碑,｢芭蕉の句碑(道祖神路)｣は、標柱と小さな石碑に挟まれています。小さな石碑には距離や方向などが刻まれています。しかし、石碑は古く、読み取ることは困難です。｢芭蕉の句碑(道祖神路)｣の隣に立てられている標柱には、側面に｢笠島は　いずこ皐月の　ぬかり道｣と芭蕉が詠んだ句が書かれています。,□名取市内の芭蕉の句碑,,名取市内には芭蕉の句碑が二基存在します。そのうちの一基がこの句碑で、安政三年(1856年)仙台河原町、小西屋利兵衛により再建されました。北釜に建つ｢うたかうな潮の花も浦の春｣の芭蕉句碑は観音寺参道脇の｢潮塚｣にあります。この句碑は、幼くして俳諧の道に入り長じた北釜出身の高橋沙水という方が｢許六｣に憧れ芭蕉翁の句碑を建立して｢潮塚｣と称したと伝えられています。,,,,,,,,,,,,"なとり百選　http://www.city.natori.miyagi.jp/natori100/index.htm名取市HP　http://www.city.natori.miyagi.jp/","著者: 氏家重男｢なとりの伝説と造物｣発行元:名取市郷土研究会/ふれあい｢名取市文化財ガイドブック｣発行元:名取市教育委員会",,道路沿いにあるので、車には十分に気をつけて見学して下さい。,,,,,,,無,仙台東部道路｢仙台空港IC｣より、県道20号線に入り左折。県道258号線を進み、次の交差点を右折し、200ｍほど直進すると左手に句碑があります。所要時間約5分。,"①JR｢館腰駅｣下車、西口から直進して突き当りを左折。300ｍほど直進すると右手に句碑があります。徒歩約7分。②JR｢名取駅｣下車、東口から館腰名取駅線(なとりん号)バス乗換。",②｢植松四丁目｣停留所下車、岩沼方面へ徒歩約1分。(バスは平日3本、土日祝1本です),植松字西向62-1,文化・スポーツ課　　　　　　　　　　　　　　,022-384-2111,●館腰神社●館腰遊歩道,石碑と標柱,標柱と｢芭蕉の句碑(道祖神路)｣と石碑,｢芭蕉の句碑(道祖神路)｣と標柱,標柱,,,,A30_01.jpg,A30_02.jpg,A30_03.jpg,A30_04.jpg,,,
A31,館腰,通年,雷神山古墳,らいじんやまこふん,"名取市には数多くの古墳が点在していますが、その中でも最も大きい古墳がこの｢雷神山古墳｣です。その規模は主軸168ｍ、後円部径96ｍ・高さ12ｍ、前方部長さ72ｍ・前端幅96ｍ・高さ6ｍで東北では最も大きな前方後円墳です。その古墳の大きさから、地方豪族の首長だったのではないかと考えられています。この古墳の造られた年代は、古墳時代前期の要素が多く残っているため、4世紀末頃から5世紀初頭と推測されています。｢雷神山古墳｣は国指定記念物史跡です。",□東北地方最大規模の前方後円墳,｢雷神山古墳｣は名取市の中心部から南に2ｋｍ、標高45ｍほどの小丘陵東端に立地し、仙台平野・名取平野を一望できる位置にあります。主軸長168ｍ、後円部の径および前方部の幅96ｍ、後円部の高さ12ｍ、前方部の高さが6ｍです。周堤と周濠を含めた墓域は南北210ｍ、東西140ｍほどで、東北地方最大の規模を持つ前方後円墳となります。また、古墳内には敷石が敷かれ、歩行がしやすいように整備されています。,□市民の憩いの場,｢雷神山古墳｣は現在、後円部の北側にある｢小塚古墳｣とともに史跡公園として整備され、人々に親しまれています。,□説明板,古墳の入り口には、説明板が設置してあります。｢雷神山古墳｣の説明はもちろん、名取市内にある数々の古墳についても解説されています。,□オススメ観光時期,周囲に桜の木が植えられているため、桜の見頃の時期になると日中は花見に訪れる人も多く見られます。毎年4月29日には｢春の茶会｣が開かれています。,,,,,,,,,"宮城県HP　http://www.pref.miyagi.jp/なとり百選　http://www.city.natori.miyagi.jp/natori100/index.htm名取市HP　http://www.city.natori.miyagi.jp/",著者：野村和正｢みやぎの国道をゆく｣発行元:東北建築協会、著者:氏家重男｢なとりの伝説と造物｣発行元:名取市郷土研究会/ふれあい、｢名取市文化財ガイドブック｣発行元:名取市教育委員会、｢史跡公園　雷神山｣提供:名取市視聴覚センターVHS,,,,,,,,,有(無料・普通車30台程度),仙台東部道路｢仙台空港IC｣より、県道20号線を左折し、奥州街道/国道4号線を右折して直進。Ｙ字路を斜め左に進みすぐ左折。道なりに進んでいくと左手に｢日の出寿司｣があります。そこを越えたＹ字路を斜め左に進んでいくと着きます。所要時間約10分。,JR｢名取駅｣下車、館腰名取駅線(なとりん号)バス乗換。,｢館腰学校前｣停留所下車、県道126号線を北に進み、左折、またすぐを左折し進んでいくと右手にあります。徒歩約5分。(バスは平日3本、土日祝1本です),植松字山　　　　　　　　　　　　　　　愛島小豆島字片平山 ,文化・スポーツ課　　　　　　　　　,022-384-2111,●館腰神社●館腰遊歩道 ●飯野坂薬師堂●飯野坂古墳群●ふれあい市,秋の｢雷神山古墳｣,｢雷神山古墳｣に咲く満開の桜,,,,,,A31_01.jpg,A31_02.jpg,,,,,
A32,愛島～高舘,通年,東街道,あずまかいどう,　｢東街道｣は、｢奥州(おうしゅう)街道(かいどう)｣ができる以前の主要幹線道路でした。｢東街道｣と呼ばれるようになったのは江戸(えど)時代になってからですが、古代では「東山道(とうさんどう)」、中世では「奥大道(おくのだいどう)」として呼ばれ利用されてきた道路です。道筋は、時代の変遷とともに何度も変わりましたが、千貫(せんがん)―北目(きため)―笠島(かさじま)―塩手(しおで)―箕輪(みのわ)―熊野堂(くまのどう)を通過し、名取川を渡って富沢(とみざわ)に出て宮城野(みやぎの)を経て、多賀(たが)の国府(こくふ)に至っていました。街道沿線には、多くの遺跡や物語が残っています。,□東街道,｢東街道｣とは、その昔、都から遠の朝廷の多賀城(陸奥国府)に至るはるかな東への総称で、都から見れば果てしない道の奥であり、陸奥へ通じる道のことをいいます。陸奥国へは山道をたどれば東山道の白河の関を、海道では菊多の関(俗称：勿来の関)を越えなければなりませんでした。｢延喜式｣によれば、都と多賀城(陸奥国府)間の陸路は、上り50日下り25日と記されています。,□討伐陸路としての役割,鎌倉時代の歴史書である｢吾妻鏡｣によると、文治5年(1189年)8月奥州平泉藤原氏を討つため、源頼朝の大手軍28万4千騎の騎馬が、駆け抜けていったのもこの街道のようですが、どこを通ったか詳細は不明です。,□かつての主要幹線道路が今に残る,古代から中世にかけて主要幹線道であった｢東街道｣の名残り区域といわれる貴重な現存区域があります。写真は、岩沢から滝沢に続く道で、｢永禅寺｣近くの田んぼに囲まれたところにあります。また、｢高舘公民館｣付近も通過しています。,,,,,,,,,,,なとり百選　http://www.city.natori.miyagi.jp/natori100/index.htm,"著者:野村和正｢みやぎの国道をゆく｣発行元:東北建築協会｢奥州街道　歴史探訪･前宿場ガイド｣発行元:無明舎出版ＶＨＳ「みちのくの街道」東北地方整備局　道路部編集",,,,,,,,,-,仙台東部道路｢仙台空港IC｣より、県道258号線を県道126号線側に直進し、県道39号線を交わる信号を右折します。5分ほど直進すると左手に｢永禅寺｣の看板があるので、そこを左折します。直進してＹ字路を右斜め進んだ左手の田んぼに囲まれた道が現存区域の一部です。所要時間約15分。,JR｢名取駅｣下車、西口から北目上原線(なとりん号)バス乗換。,｢道祖神前｣停留所下車、県道39号線に進み右折してしばらく直進すると左手に｢永禅寺｣の看板があるので、そこを左折します。直進してＹ字路を右斜め進んだ左手の田んぼに囲まれた道が現存区域の一部です。徒歩約10分。(バスは平日3本、土日祝1本です),―,文化・スポーツ課　　　　　　　　  ,022-384-2111,-,旧東街道,旧東街道（愛島字西滝沢付近）,旧東街道１（高舘吉田付近）,旧東街道２（高舘吉田付近）,旧東街道（愛島笠島付近）,,,A32_01.jpg,A32_02.jpg,A32_03.jpg,A32_04.jpg,A32_05.jpg,,
A33,愛島,通年,笠島廃寺跡,かさじまはいじあと,"｢笠島廃寺跡｣は現在の｢佐倍乃(さえの)神社(じんじゃ)(道祖神社(どうそじんしゃ))｣の竹林に囲まれた参道沿いに位置しています。昭和26・27年に一部の発掘調査が行われ、塔跡の心(しん)礎(そ)と思われる巨大な石や古代の布目瓦(ぬのめがわら)などが発見されています。　東北の仏教文化を知る上で重要な遺跡であるといわれています。",□礎石,笠島廃寺跡には、礎石が2つ現存しています。,□礎石場所,笠島廃寺跡には説明板があります。礎石はその説明板の裏側にあります。,□出土した遺物,昭和26・27年に一部発掘調査が行われ、東側の土檀状の部分から搭跡の心礎と思われる巨大な石や、西側の畑地にある平坦な地形の場所からは、古代の布目瓦などが発見されています。また、出土した遺物から奈良・平安時代頃の私的性格の寺院跡と考えられています。,□瓦について,瓦は、仏教の伝来とともに朝鮮半島からもたらされたもので、始めは寺院や宮殿に使われていたといわれます。粘土を練り、整形、乾燥させて窯で焼きますが、その過程で凹部に布目跡や凸部に叩き板の跡がついたり、へらで文字が書かれたといわれています。出土した｢布目瓦｣の布目は、その際についたものと考えられます。,□竹林,｢笠島廃寺跡｣は、｢佐倍乃神社(道祖神社)｣の参道の見事な竹林道の途中に位置しています。,,,,,,,"なとり百選　http://www.city.natori.miyagi.jp/natori100/index.htm名取市HP　http://www.city.natori.miyagi.jp/","　著者:氏家重男｢なとりの伝説と造物｣発行元:名取市郷土研究会/ふれあい　｢名取市文化財ガイドブック｣発行元:名取市教育委員会",,,,,,,,,無,仙台東部道路｢仙台空港IC｣より、県道258号線を県道126号線側に直進し、県道39号線にぶつかる交差点を右折。しばらく直進し、左手に｢道祖神社｣の看板がある交差点を左折すると右手にか｢佐倍乃神社(道祖神社)｣があり、その向かいの左手の林道を進んでいくとあります。所要時間約15分。,JR｢名取駅｣下車、西口から北目上原線(なとりん号)バス乗換。,｢道祖神前｣停留所下車、すぐ近くの交差点に進み、｢佐倍乃神社(道祖神社)｣の看板を目印に直進。神社が右手に対して、左手に林道があり、林道を進んで行くと着きます。徒歩約5分です。(バスは平日3本、土日祝1本です),愛島笠島字西台32,文化・スポーツ課　　　　　　　　,022-384-2111,●佐倍乃神社(道祖神社) ●東街道●中将藤原朝臣実方の墓●塩薬師如来(馬頭観音),礎石,説明版,礎石場所,竹林,,,,A33_01.jpg,A33_02.jpg,A33_03.jpg,A33_04.jpg,,,
A34,愛島,通年,鞍掛け石,くらかけいし,この石の由来については二通りの説があります。一つは｢中将藤原朝臣実方(ちゅうしょうふじわらあそんさねかた)｣が一条天皇(いちじょうてんのう)より陸奥守(むつのかみ)に任じられ998年に、この地を訪れた際に、実方が乗った馬の鞍を、この石に掛けたと伝えられています。もう一つの説は「八幡太郎義家(はちまんたろうよしいえ)(源義家(みなもとのよしいえ))」が蝦夷征伐(えぞせいばつ)の際に、この地を訪れたときに乗っていた馬の鞍を掛けたとも伝えられています。この石は当時、ここより南西約500ｍの位置にありましたが、「藤原(ふじわら)実方(さねかた)千年(せんねん)祭(さい)」を記念して、現在の場所に移設されました。,□ゆかりのある人物の墓がそばにある,｢鞍掛け石｣は、ゆかりの人物とされる｢中将藤原朝臣実方の墓｣の近くにあります。その駐車場付近に鎮座しています。,□由来を記した説明板,現地には、名取市観光協会によって設置された｢鞍掛け石｣の由来を記した説明板があり、その歴史を感じ取ることができます。,□2つの説,｢中将藤原朝臣実方｣と｢八幡太郎義家(源義家)｣の由来については2通りの説がありますが、いずれにしてもこの地は東街道が通過していたことから街道沿いに関連する伝承といえます。,□ゆかりのある人物,"中将藤原朝臣実方八幡太郎義家(源義家)",,,,,,,,,,名取市観光協会説明板,,木などの影となり、見つけにくいかもしれませんが興味深く探してみて下さい。,,,,,,,"有（無料・普通車5台程度）※｢中将藤原朝臣実方の墓｣の駐車場を利用",仙台東部道路｢仙台空港IC｣より、県道20号線に入り左折。県道258線・県道126線を共に直進し、県道39号線にぶつかる交差点を右折。道なりに直進していくと左手に看板が見えくるので、そこを左折すると駐車場に着きます。所要時間約20分。　　,JR｢名取駅｣下車、西口から北目上原線(なとりん号)バス乗換。,｢道祖神前｣停留所下車、県道39号線に進み、右折して県道39号線上を道なりに直進していくと左手に看板が見えてきます。そこを左折すると着きます。徒歩約12分。(バスは平日3本、土日祝1本です),愛島塩手字北野42,名取市観光物産協会　　　　　　　　　,022-384-2111,●佐倍乃神社●笠島廃寺跡●東街道●塩薬師如来(馬頭観音)●今熊野神社●今熊野遺跡●中将藤原朝臣実方の墓●野田山遺跡,「鞍掛け石」正面,鞍掛け石,｢鞍掛け石｣の説明板,｢鞍掛け石｣の説明板と｢鞍掛け石｣,,,,A34_01.jpg,A34_02.jpg,A34_03.jpg,A34_04.jpg,,,
A35,愛島,通年,五郎市遺跡,ごろういちいせき,"五郎市方形(ほうけい)周(しゅう)溝(こう)墓群(ぼぐん)と同尾根続きに隣接する宇賀崎(うがさき)古墳群(こふんぐん)(低墳丘墓群)との関連から、仙台平野南部における高塚(たかつか)古墳(こふん)発生の初期古墳として位置づけられる可能性があり、古墳文化研究上欠くことのできない重要な古墳群です。｢五郎市遺跡｣は、昭和59から61年度にかけて発掘調査され、方形周溝墓7基と円形周溝墓1基が確認されました。方形周溝墓は、いずれも隅丸(すみまる)長方形(ちょうほうけい)で、溝は全周を巡らすものですが、周溝内側の区画から主体部(埋葬施設)は検出されませんでした。規模の最も大きな第5号方形周溝墓は、長軸17ｍ、短軸14.6ｍで、副葬品として、古墳時代前期(約1600年前)の土師器(はじき)の壷・鉢や管(くだ)玉(たま)などが出土しています。五郎市(方形周溝墓)遺跡と宇賀崎古墳群は、JR名取駅の西南約3ｋｍに位置し、市内西側の高舘(たかだて)丘陵から東へ分岐し平野部に張り出す、標高20ｍ前後の小豆(あずき)島(しま)丘陵に立地しています。",□五郎市方形周溝墓群,昭和59年から昭和61年にかけて発掘調査が行われ、方形周溝墓7基と円形周溝墓1基が確認されています。方形周溝墓はいずれも隅丸長方形で、溝は全周巡りますが台状部から主体部は検出されていません。規模の大きな第5号方形周溝墓は長軸17ｍ、短軸14.6ｍです。,□出土品(副葬品),古式土師器壷、鉢形土師器壷、管玉など,□隣接する宇賀崎古墳群,｢五郎市(方形周溝墓)遺跡｣と｢宇賀崎古墳群｣は、JR名取駅の西南約3ｋｍに位置し、市内西側の高舘丘陵から東へ分岐し平野部に張り出す、標高20ｍ前後の小豆島丘陵に、五郎市地区と松崎地区に隣接して立地しています。宇賀崎古墳は6基確認され、その中の第1号墳は、松崎地区の丘陵南端に立地しています。昭和47年に発掘調査が行われた結果、一辺20ｍ、高さ2ｍほどの方墳です。割竹形木棺の主体部分で、出土した遺物から、この古墳は4世紀頃に造営されたと考えられています。なお、この方墳の北約800ｍの尾根には、低い墳丘で不整な台形状を呈する5基の古墳が隣接して分布しています。,□重要な古墳群,五郎市方形周溝墓群と同尾根続きに隣接する宇賀崎古墳群(低墳丘墓群)との関連から、仙台平野南部における高塚古墳発生の初期古墳として位置づけられています。古墳文化研究上欠くことのできない重要な古墳群です。,□五郎市地区第5号方形周溝墓への入口,住宅街を越えたところに現地へ行く階段があります。遺跡の現況は、竹林に囲まれた畑地になっています。隅のほうには石碑が並んでいます。,,,,,,,名取市HP　http://www.city.natori.miyagi.jp/,"｢名取市文化財ガイドブック｣発行元:名取市教育委員会、名取市HP名取市教育委員会 出典:名取市ホームページ｢名取市指定文化財一覧｣",,,,,,,,,無,仙台東部道路｢仙台空港IC｣より、県道20号線に入り左折。県道258号線を直進し、県道126号線を右折。県道258号線を進み、｢コンビニ(ファミリーマート)｣を左折し、次の交差点を左折すると階段があります。その階段を上ると現地に着きます。所要時間約15分。,JR｢名取駅｣下車、西口から名取が丘愛島線(なとりん号)バス乗換。,｢愛の杜公園前｣停留所下車後、すぐ近くの交差点を左折すると階段があります。その階段を上ると着きます。徒歩約2分周辺。(バスは平日9本、土日祝4本です),愛島小豆島字五郎市,文化・スポーツ課　　　　　　　　　　　　,022-384-2111,●佐倍乃神社●笠島廃寺跡●東街道●塩薬師如来(馬頭観音)●今熊野神社●今熊野遺跡●中将藤原朝臣実方の墓●野田山遺跡,五郎市地区第5号方形周溝墓,第5号方形周溝墓にある石碑,五郎市地区第5号方形周溝墓への入口,,,,,A35_01.jpg,A35_02.jpg,A35_03.jpg,,,,
A36,愛島,通年,佐倍乃神社（道祖神社）,さえのじんじゃ（どうそじんじゃ）,"広々とした境内と端麗な社殿を有する｢佐倍乃神社｣は、由緒が｢日本(にほん)書記(しょき)」に由来します。見事な竹林の表参道からたどり着くこの神社には、縁結びや夫婦和合の神、道の神として知られる猿田彦大神(さるたひこのおおがみ)が祀られています。境内では、春には桜、晩秋には色鮮やかなイチョウの紅葉が見られます。神楽舞台もあり、例祭日には県指定民俗文化財無形民俗文化財である｢道祖神(どうそじん)神楽(かぐら)｣の奉納が見学可能です。そのほか、｢中将(ちゅうじょう)藤原(ふじわらの)朝(あそ)臣(ん)実方(さねかた)｣が、赴任途中この神社の前を通過する際、無礼のため馬とともに倒れた場所であることでも知られています。",□竹林に囲まれた表参道,神社の表参道は、見事な竹林道です。また、この参道沿いには｢なとり百選｣にも選ばれている｢笠島廃寺跡｣もあります。,□オススメの観光時期(春・秋),神社の境内は、春は桜の花、秋はイチョウの木の紅葉で彩られます。,□｢佐倍乃神社｣由緒を記した石碑がある,神社の由緒を記した石碑が境内にあります。はじめて立ち寄った方でも内容を理解しやすい説明文です。,□道祖神神楽,県指定民俗文化財無形民俗文化財である｢道祖神神楽｣が例祭日に奉納されます。見学が可能です。,□道祖神社の沿革,景行天皇四十年、日本武尊の東征の折、猿田彦が道案内をしたので、その神号にちなみ道祖神を祀ったといわれています。道祖神は道の分岐点に祀られる神で、往古の東街道に沿っています。社伝によれば、慶長七年、野火により宮社と古文書を焼失し詳細は不明ですが、大永二年(1522年)本殿造営、天正十八年(1590年)伊達政宗宝鏡及び、太刀を奉納、文禄元年政宗社殿修繕、元禄十三年(1700年)、綱村が現在の拝殿を建立、また、本殿棟札に｢正殿造営寛政三年｣(1791年)八代藩主斉村の寄進とあるといわれています。,□ゆかりのある人物‐中将藤原朝臣実方,,,,,,なとり百選　http://www.city.natori.miyagi.jp/natori100/index.htm,「名取市文化財ガイドブック」発行：名取市教育委員会、「増刷改訂版名取市文化財調査報告書第23集 名取市の無形民俗文化財-(郷土芸能編)-　一九九八」編集兼発行：名取市教育委員会,,,□祭り・イベント,"例祭日：4月第3日曜、6月14日(夜)、8月6日(夜)、1月どんと祭※以上の例祭日には、県指定民俗文化財無形民俗文化財である｢道祖神神楽｣の奉納が見学ができます。",,,,,有(無料・普通車8台程度),仙台東部道路｢仙台空港IC｣より、県道20号線に入り左折。県道258線・県道126線を共に直進し、県道39号線にぶつかる交差点を右折。道なりに直進していくと左手に看板があります。そこを左折すると右手にあります。所要時間約15分。　　,JR｢名取駅｣下車、西口から北目上原線(なとりん号)バス乗換。,｢道祖神前｣停留所下車、県道39号線に進むと看板があります。徒歩約3分。(バスは平日3本、土日祝1本です),愛島笠島字西台1-4,宮司　松浦 光倫　　　　　　　　　　　,022-382-3887,●笠島廃寺跡●東街道●中将藤原朝臣実方の墓●塩薬師如来(馬頭観音),｢佐倍乃神社｣社殿,表参道の竹林,春の｢佐倍乃神社｣,｢佐倍乃神社｣由緒,,,,A36_01.jpg,A36_02.jpg,A36_03.jpg,A36_04.jpg,,,
A37,愛島,通年,塩薬師如来(馬頭観音),しおやくしにょらい(ばとうかんのん),"｢笠島廃寺跡(かさしまはいじあと)｣、｢佐倍乃神社(さえのじんじゃ)(道祖神社(どうそじんじゃ))｣から東街道(あずまかいどう)を通って｢中将(ちゅうじょう)藤原(ふじわら)朝(あ)臣(そん)実方(さねかた)の墓｣に行く途中に｢塩薬師如来｣があります。その由来は、昔、愛(めで)島(しま)の地で塩水が湧き出すところがあり、とある老僧が、その塩水を炊いて｢塩｣をつくり、里の人たちに分けたところ、その塩には、不思議な力があり薬として使うと、病がたちまち治ったといわれています。里の人々は喜び、その老僧の事を｢お薬師さん｣の化身として祀ったことが｢塩薬師如来｣の起こりといわれています。",□病を治す愛島の塩,その由来から、昔、愛島の地で塩水が湧き出していたことがわかります。その塩水を炊いて、とある老僧が作った｢塩｣が、薬として使うと病がたちまち治ったことから、里の人々は、その老僧の事を｢お薬師さん｣の化身とし祀ったといわれています。,□「塩薬師如来」と書かれた門柱,この建物を特定する唯一の建造物である門柱があります。,□境内の石碑,境内には｢馬頭観音｣の石碑と、湯殿山信仰を思わせる｢湯殿山｣と彫られた石碑があります。,□馬頭観音を祀る石碑,昭和63年9月、馬頭観音を祀る石碑が建てられています。明治期に奉納されたものもあります。,□馬頭観音の石碑,馬頭観音は、仏教における信仰対象である菩薩の一尊です。しかしながら、石碑に関しては近世以降、国内の流通が活発化した折、馬が移動や荷運びの手段として使われることが多くなったことに伴い、馬が急死した路傍や芝先(馬捨場)などに馬頭観音が多く祀られました。どちらかといえば、石碑は動物供養塔としての意味合いが強く、｢馬頭観世音｣の文字だけ彫られたものはその多くが供養として祀られたものであるといわれています。,□湯殿山の石碑,湯殿山の石碑もあることから山形の出羽三山信仰ともなんらかの繋がりを読み取ることができます。,,,,,,,,,,,,,,,無,仙台東部道路｢仙台空港IC｣より、県道20号線に入り左折。県道258線・県道126線を共に直進し、県道39号線にぶつかる交差点を右折。道なりに直進していくと左手に石碑が並んでいます。そこを越えてすぐ右手にあります。所要時間約15分。　　,JR｢名取駅｣下車、西口から北目上原線(なとりん号)バス乗換。,｢道祖神前｣停留所下車、県道39号線にぶつかる交差点を右折して、県道39号線上を道なりに直進していくと左手に石碑が並んでいます。そこを越えてすぐ左手にあります。徒歩約3分。(バスは平日3本、土日祝1本です),愛島笠島地区,―,,●笠島廃寺跡●東街道●佐倍乃神社(道祖神社)●中将藤原朝臣実方の墓●野田山遺跡●鞍掛け石,｢塩薬師如来｣本堂,｢塩薬師如来｣と書かれた　　門柱,馬頭観音を祀る石碑,湯殿山の石碑,,,,A37_01.jpg,A37_02.jpg,A37_03.jpg,A37_04.jpg,,,
A38,愛島,通年,清水峯神社,しみずみねじんじゃ,"景行天皇(けいこうてんのう)25年の頃に、建速須佐之男命(たてはやすさのうのみこと)と櫛稲田姫命(くしいなだひめのみこと)の2柱を祀った神社です。御祭神より無病息災や縁結びに御利益があるといわれています。参道は、硯(すずり)石(いし)の階段が続いています。また、秋は参道から眺めるもみじの紅葉が見事です。春には桜も見ることができます。趣のある神社です。",□参道,参道は硯石の階段です。見た目以上に長さと傾斜があります。周辺には自然が多く、自然の景色を楽しみながら散策できます。,□清水峯神社の社殿,現在の社殿は、明治3年に造りかえられたもので、造りは神明造りです。　　　　　　　　　　　　　｢清水峰神社｣は明治5年に小豆島村の村社となりました。　,□オススメ時期(春),オススメ時期は春の季節です。桜の木が付近に見られるため春の桜を楽しめます。,□オススメ時期(秋),秋には、写真のような鮮やかなもみじの紅葉を楽しむことができます。例年の紅葉の時期は10月下旬から11月中旬頃です。,□御利益,無病息災、縁結び,□その他,例祭は旧暦の3月7日に行われますが、氏子の集まりのみで一般公開するようなものはありません。,,,,,なとり百選　http://www.city.natori.miyagi.jp/natori100/index.htm,,,長い階段があるので、歩きやすい格好で訪れることをオススメします。,,,,,,,有（無料・普通車2台程度）,仙台東部道路｢仙台空港IC｣より県道20号線を白石・岩沼方面へ。県道258号線を直進、国道4号線バイパスを右折。2つ目の信号を左折し、さらにＴ字路を右折後、県道126号線へ。県道126号線を直進しＴ字路左折後すぐ右側。所要時間約7分。,JR｢館腰駅｣下車、西口から館腰名取駅線(なとりん号)バス乗換。,｢館腰公民館前｣停留所下車、北東に進み県道126号線を左折し600ｍほど直進。Ｔ字路左折後、すぐ右側に｢清水峯神社｣への階段があります。徒歩約9分。(バスは平日3本、土日祝1本です),愛島小豆島字清水坂27,宮司 照井 正光　　　　　　,0223-24-5184,●館腰神社●雷神山古墳 ●館腰遊歩道●芭蕉の句碑(道祖神路),「清水峯神社」の社殿,鳥居,狛犬,オススメ観光時期(春),,,,A38_01.jpg,A38_02.jpg,A38_03.jpg,A38_04.jpg,,,
A39,愛島,通年,諏訪神社,すわじんじゃ,"端正な佇まいの｢諏訪神社｣は、雷神社(らいじんじゃ)、正位諏訪大明神(せいいすわだいみょうじん)を祀っていることより、子孫繁栄に御利益があるとされています。うっそうとした杉林の中200段近くの長い階段が続く参道では、階段をのぼり社殿に近づいていくほどに、心が洗われるようです。",□参道,杉林に囲まれた石畳の坂や、長く続く階段を有する参道も、参拝の楽しみです。,□秋の参道,秋には、参道脇のイチョウの紅葉を楽しむことができます。,□参道途中の二の鳥居,杉の木々に囲まれた参道の中に、ひときわ鮮やかな朱の鳥居があります。　,□境内社・雷神社　,境内には、雷神社があります。,□昔ばなしが残る,｢諏訪神社｣にまつわる昔ばなしがあるといわれています。,,,,,,,なとり百選　http://www.city.natori.miyagi.jp/natori100/index.htm,著者：氏家重男「なとりの伝説と造物」発行元：名取市郷土史研究会/ふれあい,,長い階段が続くので、歩きやすい格好で参拝することをオススメします。,,,,,,,無,仙台東部道路｢仙台空港IC｣より、県道20号線に入り左折し、県道258号線・県道126号線を共に直進。県道39号線にぶつかる交差点を左折し、400ｍほど先の右手に｢北目区生活センター｣があります。そこを右折し直進していくとＹ字路付近に｢諏訪神社｣の入り口があります。所要時間約20分。,JR｢名取駅｣下車、西口から北目上原線(なとりん号)バス乗換。,｢八幡前｣停留所下車、北に進みＹ字路を左斜めに道なりに直進していくと左手に入り口があります。徒歩約5分。(バスは平日3本、土日祝1本です),愛島北目石沢地内,総代　本郷貢　　　　　      　　　　,022-384-7428,●東街道,「諏訪神社」社殿,参道途中の二の鳥居,境内社・雷神社,杉林に囲まれた石畳の参道,,,,A39_01.jpg,A39_02.jpg,A39_03.jpg,A39_04.jpg,,,
A40,愛島,通年,滝沢不動尊,たきざわふどうそん,"愛(めで)島塩手(しましおで)の滝沢(たきざわ)地区に、地域の人から｢滝の不動さま｣と呼ばれ親しまれている不動明王が2体祀(まつ)られています。2体のうち、1体は江戸(えど)時代以降の像で、本来よりこの地に祀られたものであるといわれています。もう1体は、家中に祀られていたもので、室町(むろまち)時代末頃の像と考えられています。",□滝沢不動尊,2体ある｢滝沢不動尊｣のうち1体は滝にうたれています。地域の人たちからは「滝の不動様」と呼ばれ親しまれています。,□保管所,不動明王の像を安置している建物があります。,□不動明王,2体祀られている不動明王のうち、1体は江戸時代以降にこの地に祭祀されたものといわれています。もう1体は地元の｢前原やしき｣と呼ばれていた屋敷に祀られたものだと伝えられています。,,,,,,,,,,,なとり百選　http://www.city.natori.miyagi.jp/natori100/index.htm,,,足場が悪く、滑りやすくなっているため、歩きやすい服装で見学して下さい。,,,,,,,有(無料・普通車2台程度),仙台東部道路｢仙台空港IC｣より、県道20号線に入り左折。県道258線・県道126線を共に直進し、県道39号線にぶつかる交差点を右折。しばらく道なりに直進していくと左手に｢道祖神社｣の看板があるので、その信号を越えた後のＴ字路を進みます。道なりに直進し、｢愛島老人憩の家｣前の交差点を右折し、突き当たりを右折。橋を渡ったすぐの右手に現地へ行く階段があります。所要時間約20分。　　,JR｢名取駅｣下車、西口から北目上原線(なとりん号)バス乗換。,"｢愛島老人憩の家前｣停留所下車、すぐ近くにある橋を渡り、突き当たりを右折。しばらく直進し、橋を渡ったすぐの右手に現地へ行く階段があります。徒歩約15分。(バスは平日3本、土日祝1本です)　※階段を下りると、正面に関があります。そこを道なりに右方向に進みます。上を見上げるとちょうど橋の下を進みます。しばらく直進すると保管所があり、保管所の後ろの滝のそばに｢滝沢不動尊｣があります。",愛島塩手字西滝沢地内,文化・スポーツ課　　　　　　　,022-384-2111,●東北電力　名取スポーツパーク●今熊野神社●今熊野遺跡,滝沢不動尊,保管所,｢滝沢不動尊｣への道のり,不動明王,,,,A40_01.jpg,A40_02.jpg,A40_03.jpg,A40_04.jpg,,,
A41,愛島,通年,智福院,ちふくいん,"現在日本で蟹を祀った寺社は二つしかありません。一つは京都府木津川市の｢蟹満寺(かにまんじ)｣(釈迦如来(しゃかにょらい)座像(ざぞう)が国宝)で、もう一つが名取市の｢智福院｣です。｢智福院｣には、蟹供養の信仰崇拝となった報恩の物語として現代まで伝わる蟹伝説があります。そして、この伝説の舞台である｢智福院｣では、数十年前に庭から銅製の蟹の像が発見されています。",□蟹伝説,その昔、｢智福院｣の近くで下働きをしている少女がいました。少女は寺の池に住む蟹に米粒を与えていました。ある日、少女が田仕事をしている人々に昼飯を持って行ったその帰り、美青年に化けた大蛇に追いかけられ、智福院に逃げ込みました。すると、どこからか数十匹の蟹があらわれ、大蛇を退治してくれました。おかげで少女は難を逃れ、これは蟹の恩返しとして今に伝えられています。,□銅製の蟹の像,蟹の恩返しの物語の残る｢智福院｣には、それを裏付けるかのように、数十年前に住職が、植木の腐葉土を取ろうと庭を掘っていた際、偶然銅製の蟹の像が発見されました。その像は、今も大切に保管されています。,□弁財天,"｢智福院 蟹観音 弁財天｣の御利益は、いくつかあります。①蟹は脱皮して長生きします。不老長寿のシンボルとされ地域によって生まれたばかりの赤ちゃんに蟹を這わせたり産婦の縁の下に放す風習が残っていることから安産祈願に良いとされています。②ストーカー大蛇から蟹が女性を救った伝説、また愛島(ラブアイランド)にある悪縁を絶ち良縁をもたらすとされています。③蟹は手と手が合うので商人が信仰する相手と手合って損をすることが無いといわれ、商売繁盛にも良いとされています。④蟹は身代観音と称され厄除け・災難除けに良いとされています。",□｢笠嶋辨才天女縁紀｣,本堂には｢笠嶋辨才天女縁紀｣があります。西暦1752年(宝暦2年)、今から258年前に書かれたものですが、この伝承の原典となっている文書は文書の損傷が激しいため、現在本堂にあるものは保存のために忠実に書写したものです。,□水墨画,住職が描いた水墨画も本堂の中にいくつか飾られています。現在では、40点もの作品が描かれ、今後展示会を行う予定です。,,,,,,,,,,,□祭り・イベント,3月:蟹供養会　関東以北ではこの一つだけです。,,,,,有（無料・普通車2台程度）,仙台東部道路｢仙台空港IC｣より、県道20号線に向かい左折。県道258線･県道126号線を共に直進し、県道39号線にぶつかる交差点を右折。次の信号を左折し、｢愛島幼稚園｣の方へ右折。そのまま斜め左に折れて進んでいくと、｢智福院｣の看板があります。そこを左折すると着きます。所要時間約20分。,JR｢名取駅｣下車､西口から北目上原線(なとりん号)バス乗換。,｢智福院前｣停留所下車、｢智福院｣の看板がすぐ近くにあります。徒歩約5分。(バスは平日3本、土日祝1本です),愛島笠島上北沢2,智福院　　　　　　　　　　　　　　,022-382-1161,●ゲンジ蛍の舞う川内沢川,智福院,弁財天　,水墨画,,,,,A41_01.jpg,A41_02.jpg,A41_03.jpg,,,,
A42,愛島,通年,中将藤原朝臣実方の墓,ちゅうじょうふじわらあそんさねかたのはか,"平安(へいあん)時代中期の公家・歌人で中古三十六歌仙(ちゅうこさんじゅうろっかせん)の一人である中将藤原朝臣実方は、｢源氏(げんじ)物語(ものがたり)｣の主人公・光源氏のモデルの一人ともいわれています。彼の墓が名取にあるのは、一条天皇(いちじょうてんのう)の御前で藤原行成(ふじわらのゆきなり)と口論となり、それが天皇の怒りを買い｢歌枕を見て参れ｣と命じられ、陸奥守(むつのかみ)に左遷されたことに始まります。3年後、任地で実方が笠島(かさしま)道祖神前(どうそじんまえ)(現在の｢佐倍乃(さえの)神社(じんじゃ)(道祖神社(どうそじんじゃ))｣)を通過する際、里人の静止を聞かず、乗馬したまま通過しようとしたため、急に馬が暴れだし落馬、その傷がもとでこの地で亡くなったといわれています。実方の墓には、西行(さいぎょう)法師(ほうし)が訪れ、一首残しています。松尾(まつお)芭蕉(ばしょう)も訪ねようとしましたが、悪天候のために断念せざるを得なかったその思いを句に残しています。そのため、墓前には西行法師の歌碑そして松尾芭蕉の句碑がそれぞれ設置されています。",□｢かたみのすすき｣の言い伝え,｢中将藤原朝臣実方の墓｣へ向かう途中には“かたみのすすき”があります。このすすきは、西行法師が実方の墓を訪れた際に詠んだ歌｢朽ちもせぬその名ばかりをとどめおきて枯野の薄かたみにぞ見る｣にちなみ名づけられています。,□芭蕉の句が刻まれた石碑,松尾芭蕉は中将藤原朝臣実方の非運な死を哀悼し、名取の地へ訪問しようとしましたが、悪天候と旅の疲れのために断念しました。その思いを詠んだ歌が実方の墓に向かう途中の石碑に刻んであります。,□墓へ向かう途中の竹林道,｢中将藤原朝臣実方の墓｣へは、風情ある見事な竹林が続きます。竹林道を越えたところに実方の墓と西行法師の歌碑があります。,□西行法師の歌碑,｢中将藤原朝臣実方の墓｣のそばには、西行法師がこの地を訪れ詠んだ歌を刻んだ石碑があります。,□関連した催事がある,中将藤原朝臣実方が偉大な歌人であったことから、毎年10月に｢藤原実方朝臣墓前献詠会｣が行われています。｢藤原実方朝臣墓前献詠会｣では、｢中将藤原朝臣実方の墓｣前にて、募集した短歌を｢短歌集｣として墓前に献上し、実方の代表作の短歌を朗詠して献花を行います。,,,,,,,なとり百選　http://www.city.natori.miyagi.jp/natori100/index.htm,"著者:氏家重男｢なとりの伝説と造物｣発行元:名取市郷土研究会/ふれあい著者:千葉宗久｢地図で見る高舘の歴史｣発行元:畑山印刷所著者:野村和正｢みやぎの国道をゆく｣発行元:東北建築協会ＶＨＳ｢実方中将物語、奥の細道をたずねて｣",,,,,,,,,有(無料・普通車5台程度),仙台東部道路｢仙台空港IC｣より、県道20号線に入り左折。県道258線・県道126線を共に直進し、県道39号線を右折。道なりに直進していくと左手に看板が見えます。そこを左折すると着きます。所要時間約20分。　　,JR｢名取駅｣、西口から北目上原線(なとりん号)バス乗換。,｢道祖神前｣停留所下車、県道39号線に進み、右折して県道39号線上を道なりに直進していくと左手に看板が見えます。そこを左折すると着きます。徒歩約12分。(バスは平日3本、土日祝1本です),愛島笠島字北台143-144他,文化・スポーツ課　　　　　　　,022-384-2111,●佐倍乃神社(道祖神社) ●笠島廃寺跡●東街道●塩薬師如来(馬頭観音)●今熊野神社●今熊野遺跡●鞍掛け石●野田山遺跡,芭蕉の句が刻まれた　　　　　石碑,かたみのすすき,｢中将藤原朝臣実方の墓｣　　　入口,,,,,A42_01.jpg,A42_02.jpg,A42_03.jpg,,,,
A43,愛島,通年,野田山遺跡,のだやまいせき,"｢野田山遺跡｣は、高舘(たかだて)丘陵(きゅうりょう)から市内中央の平野部に突出する標高20ｍ前後の小丘陵の東端に位置しています。後期旧石器時代から平安(へいあん)時代にわたって断続的に人々が生活の場としていた遺跡で、平成3年と平成12年に実施した発掘調査により、後期旧石器時代(約30,000年～13,000年前)の石器の存在と、古墳(こふん)時代の大規模な集落であることが確認されました。特に平成12年の発掘調査では、後期旧石器時代の石器60点程が出土し、県内の名取川以南区域において始めての調査により発見された例となり、この場所で石器を製作あるいは手入れしていたことが確認されました。また、古墳時代前期(約1,600年前)の竪穴住居から出土した畿内(きない)地方の製作技法で作られた土師器甕(はじきがめ)(庄内(しょうない)式)は、県内でも出土例がなくこの土師器の出土から、当時この地域では近畿(きんき)地方との直接交流があったことがうかがえます。",□名取市登録の記念物遺跡,　平成19年1月31日に登録されました。,□所有者,　この土地自体は宮城県が所有者になっています。,□現況の｢野田山遺跡｣の状況,現在の｢野田山遺跡｣の場所には、県立がんセンター敷地内の｢緩和ケア病棟｣が設立されています。そのため現在は見ることができません。,,,,,,,,,,,,"　｢名取市文化財ガイドブック｣発行元:名取市教育委員会　名取市HP　",,,,,,,,,　有（無料　※県立がんセンターの駐車場利用）,仙台東部道路｢名取IC｣より、県道129号線に入り右折して直進。Ｙ字路の分岐路を斜め左に向かい、奥州街道/国道4号線を左折し｢イベントホール太陽｣の前を通り、すぐの信号を右折して踏み切りを渡ります。Ｙ字路の分岐路を斜め左に進み、直進。｢仙台高専名取キャンパス｣前を通り過ぎ、右手に｢県立がんセンター｣の入り口があるので、そこを左折して進みます。道なりに直進していくと左手に｢暖和ケア病棟｣があり、そこが｢野田山遺跡｣です。所要時間約20分。,JR｢名取駅｣下車、西口から北目上原線または県立がんセンター線(なとりん号)バス乗換。,｢県立がんセンター｣停留所下車、｢県立がんセンター｣敷地内の｢暖和ケア病棟｣が｢野田山遺跡｣です。 (バスは北目上原線平日3本、土日祝1本です。県立がんセンター線平日8本、土日祝3本です),愛島塩手字野田47-1,文化・スポーツ課　　　　　　　　　　　　,022-384-2111,●中将藤原朝臣実方の墓●佐倍乃神社(道祖神社)●笠島廃寺跡●鞍掛け石,野田山遺跡,緩和ケア病棟１,緩和ケア病棟２,宮城県立がんセンター,,,,A43_01.jpg,A43_02.jpg,A43_03.jpg,A43_04.jpg,,,
A44,高舘,通年,幾世姫と小佐治の墓,いくよひめとこさじのはか,"その昔、桑島(くわしま)長者(ちょうじゃ)と呼ばれた長者の家に、絶世の美女と呼ばれた幾世という娘が住んでいました。ある日、その家に一夜の宿を乞い、旅の若者・京都公家の小佐治が訪れます。その夜中、桑島長者の屋敷は盗賊に襲われてしまいます。しかし、小佐治が一人で退治してしまいます。幾世と小佐治はそれから互いに惹かれあいますが、小佐治は、どうしても果さなければならない用があったため、戻ることを約束して旅立ってしまいました。残された幾世は、小佐治の帰りを待ちますが、鎌倉(かまくら)の足利(あしかが)某氏からの縁談を断りきれないことや小佐治を待ちきれなかったことで増田川に身を投げて死んでしまいます。その後、戻ってきた小佐治も事情を知り、悲しみのあまり自害してしまいます。この名取に残る悲恋の物語を証明するお墓が、高舘(たかだて)川上の旧(きゅう)東街道(あずまかいどう)の両側に建っています。西側が幾世の墓、東側が小佐治の墓です。",□幾世の墓,絶世の美女と謳われた幾世。その美しさは盗賊はおろか、公家さえも虜にしたといわれています。小佐治への愛を貫き、自らの命を断ってまで捧げられた想いも、今は苔むした墓石を残すのみです。,□小佐治の墓,幾世の心を唯一掴んだ男である小佐治。盗賊と一人勇敢に戦う一面と、京の都の博識をもった青年も、幾世の自らに対する想いに応えるように自害して果ててしまいます。今は東街道を挟んで幾世の墓を見守り続けています。,□小佐治(雄幸丸)とは,京の都の高貴な生まれで、雄幸丸ともいわれています。幼い頃に母親を亡くし、その弔いのために全国を巡る旅をしていたといわれています。その旅の途中に幾世姫と出会い恋に落ちます。小佐治が果さなければいけない用事とは亡くした母親の弔いだったのです。,,,,,,,,,,,なとり百選　http://www.city.natori.miyagi.jp/natori100/index.htm,"｢名取市文化財ガイドブック｣発行元：名取市教育委員会著者:氏家重男｢なとりの伝説と造物｣発行元:名取市郷土研究会/ふれあい著者:千葉宗久｢地図で見る高舘の歴史｣発行元:畑山印刷所名取市史昭和52年版",,道路沿いにあるため、見学の際は車の往来に十分に注意して下さい。,,,,,,,無,東北自動車道｢仙台南IC｣より、仙台方面へ向かい、国道286線の2つ目の信号を右折、県道39号(熊野堂方面)に入り｢高舘小学校｣脇の交番のある交差点を西に進みます。その先へ進むと神社のある四叉路を左に曲がると道路の両脇に松の木が立っているところが現地です。所要時間約20分。　,JR｢名取駅｣下車、西口から高舘線(なとりん号)バス乗換。,｢八反｣停留所下車、北に進むと着きます。徒歩約1分。(バスは平日8本、土日祝4本です),,文化・スポーツ課　　　　　　　　　　　　,022-384-2111,●奥州三十三観音霊場(第一・第二・第三番札所)●今熊野神社●今熊野遺跡●滝沢不動尊●高舘いこいの森と宮城県薬用植物園,幾世姫と小佐治の墓,幾世の墓,小佐治の墓,,,,,A44_01.jpg,A44_02.jpg,A44_03.jpg,,,,
A46,高舘,通年,今熊野神社,いまくまのじんじゃ,"｢今熊野神社｣は、慶長(けいちょう)5年(1600年)4月に、伊達政宗(だてまさむね)の命により造営されました。熊野三社権現(くまのさんしゃごんげん)を信心していた女性が、この地に建立したいと100日に及ぶ山ごもりを行い、これを知った川上(かわかみ)村の長が政宗に陳情し、建立されたといわれています。神社には附属する神楽｢今熊野神社付属神楽(いまくまのじんじゃふぞくかぐら)｣があります。熊野堂(くまのどう)神楽(かぐら)の流れをくむ岩戸(いわと)神楽(かぐら)で、榊流(さかきりゅう)神楽(かぐら)と称する黙劇(もくげき)の祈祷の舞です。大正5年に宮城県庁において付属神楽として検定(　)任命を受けて発足し、現在では市指定民俗文化財無形民俗文化財に指定されています。4月第3日曜に行われている例大祭(　)では、神楽を見学することができます。例大祭の行われる春には、神社のしだれ桜も見事です。",□｢今熊野神社｣の伝説,伝説によれば、慶長5年に名取郡前田村小清水屋敷の守屋籐兵衛は、私田、四十町歩を伊達政宗に献上し、その恩賞として屋敷に祀ってある十一面観音菩薩を、箕輪の赤坂大明神に合祀して熊野権現としましたが、名取郡には熊野三社権現があるので、今熊野権現と称し、加藤家を別当としたと伝えられています。,□例大祭について,宮城県神社名鑑によると今熊野三社大権現の例祭は4月15日とされていますが、現在では、4月第3日曜に行われています。古くは、9月2日に風鎮祭を行う風習もありました。,□春のしだれ桜,県道39号線沿いから見える神社のしだれ桜は、春になり花が満開に咲くと、流れ落ちる滝のように美しいです。,□参道,参道の階段は、毎日宮司により掃除されているため、きれいに整備されています。,,,,,,,,,なとり百選　http://www.city.natori.miyagi.jp/natori100/index.htm,"著者：氏家重男｢なとりの伝説と造物｣発行元:名取市郷土研究会/ふれあい｢名取市文化財ガイドブック｣発行元:名取市教育委員会｢増刷改訂版名取市文化財調査報告書第23集　名取市の無形民俗文化財-(郷土芸能編)-　一九九八｣編集兼発行：名取市教育委員会",,,□祭り・イベント,"例大祭：4月第3日曜　※市指定民俗文化財無形民俗文化財指定｢今熊野神社付属神楽｣の奉納が見学できます。",,,,,無　※県道39号線沿いのパーキング(無料)を利用,仙台東部道路｢名取IC｣より、県道129号線に入り右折して直進。Ｙ字路を右斜めに進み、名取駅前交差点を右折し、奥州街道/国道4号線に入ります。田高交差点を左折して県道118号線を直進。県道258号線にぶつかる交差点もそのまま直進。県道39号線を左折し、直進すると右手にあります。所要時間約20分。,JR｢南仙台駅｣下車、西口から高舘線(なとりん号)バス乗換。,｢八反｣停留所下車、南に進み、交差点を左折。県道39号線を右折すると右手にあります。徒歩約8分。(バスは平日8本、土日祝5本です),高舘川上字北台10-1,今熊野神社（加藤）,022-384-7574,●今熊野遺跡●東街道●幾世姫と小佐治の墓●滝沢不動尊,社殿前,｢今熊野神社｣入口,鳥居,参道,,,,A46_01.jpg,A46_02.jpg,A46_03.jpg,A46_04.jpg,,,
A47,高舘/増田,通年,奥州三十三観音霊場(第一・第二・第三・第五番札所)                                              ,おうしゅうさんじゅうさんかんのんれいじょう(だいいち・だいに・だいさん・だいごばんふだしょ),"保安(ほあん)4年(1123年)頃に名取(なとり)老女(ろうじょ)が定めたのが始まりとされている｢奥州三十三観音霊場(　)｣は、福島・宮城・岩手の3県に亘っています。奥州巡礼を一度すると3年、二度すると6年、三度すると10年の長寿(　)を観音様に祈念したとされ、重ね参りであらたかな御利益があるとされています。そのうち、奥州三十三観音の札所が市内には4ヵ所点在しています。第一番礼所｢那智山(なちさん)紹樂寺(しょうがくじ)｣の高舘(たかだて)山頂に祀る観音堂には、名取老女が紀州観音を勧請したといわれる十一面観世音菩薩像(じゅういちめんかんぜおんぼさつぞう)、第二番札所の｢天苗山秀麓齋(てんみょうざんしゅうろくさい)｣には、運慶(うんけい)の作といわれる聖(しょう)観世音(かんぜおん)菩薩(ぼさつ)を安置しています。第三番札所の｢金剛寺(こんごうじ)観音堂(かんのんどう)｣では、慈覚大師(じかくだいし)の作と伝えられている金箔仕上げの木像の十一面観世音菩薩を祀っています。そのほか、｢名取千手観音堂(なとりせんじゅかんのんどう)｣が第五番札所と定められています。",□第一番札所｢那智山　紹楽寺｣,名取が発祥の奥州霊場は、熊野三社別当寺の一から三番までが高舘周辺に散在し、その一つ紹楽寺本尊は高舘山山麓にあります。そこには十一面観世音を奉安する観音堂があり、樹林の中に静かに佇む観音堂は、時折訪れる巡礼を待っているかのようです。,□第二番札所｢天苗山　秀麓齋｣,寺の由来は、延歴17年(798年)征夷大将軍 坂上田村麻呂が奥州に蝦夷平定の軍を進めるにあたり、戦勝と天下泰平を祈願するため信仰する西国清水寺の観世音をこの地に勧請したことに始まるとされています。寺でありながら｢齋｣という名は全国的にも珍しく、ここが伊達政宗の書斎でもあったために名づけられたといわれています。,□第三番札所｢金剛寺　観音堂｣,十一面観世音を奉安する｢金剛寺観音堂｣の境内には、集落の集会場ともなる生活センターが建てられています。こじんまりとした二間四面の小堂ながら多くの納札や古い奉納額などもあるといわれています。,□第五番札所｢名取千手観音堂｣,幾多の歴史の変遷によって観世音を奉安する寺々にも栄枯盛衰があります。三十三所もその都度再編成されて管理する寺が変わり、あるいは民家に仮奉安されることがあります。名取千手観音堂も現在佐藤邸内の小堂に奉安されていますが由来などは一切不詳で、室町時代初期ごろの造顕と推定される本尊の千手観世音です。,□奥州三十三観音霊場納経帖,納経帖とは、寺院で頂ける印(御朱印)を押す｢御朱印帳｣です。寺院で納経等を行い、御布施を納めると御朱印がもらえます。奥州札所連合会事務所｢天苗山　秀麓齋｣で販売されています。,,,,,,,"奥州三十三観音霊場二番札所 天苗山 秀麓禅齋　http://www.syurokuzensai.なとり百選　http://www.city.natori.miyagi.jp/natori100/index.htmjp/","著作:平幡良雄｢奥州観音巡礼｣発行:満願寺教科部｢奥州三十三観音の旅｣発行:河北新報出版センター",,,,,,,,,-,"(①第一番札所・②第二番札所・③第三番札所・④第五番札所)①②③所要時間約20～25分。　④所要時間約7分。①②③東北自動車道仙台南ICより、仙台方面へ向いゆりが丘方面の交差点を右折。①暫く直進し、突きあたりを右折、県道118号線と県道39号線の交差点を右折。 ｢熊野那智神社｣が正面に見えてきたらＹ字路を左斜めに進み、次の交差点を右折し突きあたりを左折。道なりに直進した右手側に｢紹楽寺｣があります。②暫く直進し右手の  ｢新宮寺｣を越えた交差点を右折し｢訪問看護ステーションふれあい｣の手前の交差点を左折。道なりに直進すると右手に｢秀麓齋｣の入り口があります。③暫く直進、突きあたりを右折。県道118号線と県道39号線の交差点をそのまま直進。次の交差点を右折し350mほど先の右斜めの道を進んだ先が｢金剛寺｣です。④仙台東部道路｢名取IC｣より、県道129号線に入り右折。Ｙ字路を斜め左に進み、すぐの交差点を左折。そのまま直進した1つ目の交差点の左手角にあります。",①②③JR｢南仙台駅｣下車、西口から高舘線(なとりん号)バス乗換。④JR｢名取駅｣下車、東口からまちなか循環線･宮農線･北釜線(なとりん号)のいずれかにバス乗換。,①②｢八反｣停留所下車、徒歩約15分。③｢農業園芸研究所入口｣停留所下車、徒歩約5分。④｢名取市民体育館前｣停留所下車、徒歩約1分。,第一･第二･第三番札所　　　　：高舘  　　　　　　　　　　　　　第五番札所：増田,奥州札所連合会　　　　　[奥州札所連合会 事務所]　　秀麓齋　　　　,022-384-7270　　　　　,-,第二番札所　　　　　　　　　　　　｢天苗山　秀麓齋｣,第一番札所　　　　　　　　　　　　　｢那智山　紹楽寺 観音堂｣,第三番札所　　　　　　　　　　　　　｢金剛寺　観音堂｣,,,,,A47_01.jpg,A47_02.jpg,A47_03.jpg,,,,
A48,高舘,通年,熊野神社,くまのじんじゃ,｢熊野神社(旧新宮社(きゅうしんぐうしゃ))｣は、名取(なとり)熊野三社(くまのさんしゃ)のひとつです。名取熊野三社とは、熊野本宮社(くまのほんぐうしゃ)･熊野神社･熊野(くまの)那智(なち)神社(じんじゃ)のことをさします。熊野信仰は、熊野本宮(くまのほんぐう)・熊野速玉(くまのはやたま)・熊野那智(くまのなち)の三山信仰で具現化されますが、たいてい各地方では三社合祀を行い、熊野神社として信奉されています。しかし、ここ名取では、紀伊の熊野三山と同様の地理的・方角的位置関係に、三社がそれぞれ勧請されています。それが現在高舘(たかだて)にある熊野本宮社・熊野神社(旧新宮社)・熊野那智神社の三社です。これには、平安(へいあん)末頃に紀州熊野の神々を篤く信じた一人の巫女(名取(なとり)老女(ろうじょ))の説話の伝播が背景にあり、名取熊野三社が成立したといわれています。また、ここ熊野神社には、伝統的な神楽と舞楽があり、どちらも宮城県指定無形民俗文化財です。この2つの文化財を見学できるのは、4月の第3日曜に行われる春例祭(　)のときです。10月第2土曜の秋例祭には神楽のみが奉納(　)されます。,□県指定無形民俗文化財を見学できる,春例祭が行われる4月の第3日曜には、県指定無形民俗文化財に指定される｢熊野堂神楽｣と｢熊野堂舞楽｣が奉納されるため、多くの見物客が集まります。｢熊野堂神楽｣の奉納は13時、15時からは｢熊野堂舞楽｣が奉納されます。10月第2日曜の秋例祭では｢熊野堂神楽｣のみが奉納されます。,□歴史資料の眠る｢新宮寺文殊堂｣,神社参道沿いには、平安末期から鎌倉初期のものと推定される貴重な資料を受け継いできた｢新宮寺文殊堂｣があります。こちらは｢なとり百選｣に選ばれています。,□オススメの見学時期,神楽や舞楽を見学ができる春と秋は、春は参道に咲く桜の花、秋には境内のイチョウの木が鮮やかに紅葉する姿も楽しめるため見学にオススメです。,□説明板,｢熊野神社略歴｣が書かれた説明板があり、ぶらりと訪ねてもその歴史がわかります。,□｢名取熊野三社詣スタンプ｣設置,無料の｢名取熊野三社詣スタンプ｣と｢カード｣を設置しています。参拝の記念にスタンプを押し、カードを持ち帰ることができます。そのほか｢名取熊野三社ワンデー参拝マップ｣も設置されているので、名取熊野三社めぐりルートの参考になります。｢名取熊野三社詣スタンプカード｣は｢熊野那智神社｣、｢熊野神社｣に設置されています。,□その他,神社の手水舎そばには、「源頼朝公腰掛之石」と書かれた石碑の隣に腰掛けに丁度いい石があります。詳細はまだ定かではありませんが興味深いところです。,,,,,"なとり百選　http://www.city.natori.miyagi.jp/natori100/index.htm名取市HP　http://www.city.natori.miyagi.jp/",著者:野村 和正｢みやぎの国道をゆく｣発行:東北建築協会、｢名取市文化財ｶﾞｲﾄﾞﾌﾞｯｸ｣発行:名取市教育委員会、｢名取熊野三社ﾊﾟﾝﾌﾚｯﾄ｣名取市・名取市観光協会、著者:氏家重男「なとりの伝説と造物」発行:名取市郷土史研究会/ふれあい、｢増刷改訂版名取市文化財調査報告書第23集　名取市の無形民俗文化財-(郷土芸能編)-　一九九八｣編集兼発行：名取市教育委員会,,,□祭り・イベント,"春例祭:4月第3日曜※県指定無形民俗文化財の｢熊野堂舞楽｣と｢熊野堂神楽｣が見学できます。秋例祭:10月第2土曜※県指定無形民俗文化財の｢熊野堂神楽｣が見学できます。",,,,,有(無料・普通車40～50台程度),東北自動車道｢仙台南IC｣より、仙台方面へ向かい、国道286号線の信号2つ目を左折。直進し、次の信号を左折し、左手にガソリンスタンドがあります。そこを越えた信号を左折。すぐ左手に鳥居があり、そこが｢熊野神社｣です。所要時間約10分。,JR｢名取駅｣下車、西口から相互台線(なとりん号)バス乗換。,｢熊野堂｣停留所下車、北西に進み、信号を右折すると看板があります。徒歩約3分。(バスは平日3本、土日祝2本です),高舘熊野堂字岩口上51,文化・スポーツ課,022-386-2952,●熊野堂横穴墓群●熊野本宮社●奥州三十三観音霊場（第一・第二・第三番札所）●四ッ脚門●東街道,春の風景,県指定無形民俗文化財「熊野堂神楽」,説明版,"名取市の古墳分布図熊野三社詣スタンプカード発行所",,,,A48_01.jpg,A48_02.jpg,A48_03.jpg,A48_04.jpg,,,
A49,高舘,通年,熊野堂横穴墓群,くまのどうよこあなぼぐん,"横穴墓は、以前｢蝦夷穴(えぞあな)｣と呼ばれ、古代の東北に住んでいた人々(蝦夷)の住居跡と思われていた時期(　)もありますが、今では、発掘調査により古代の人々の墓であることがわかりました。高舘(たかだて)丘陵(きゅうりょう)北端部の砂岩が露出する斜面に造られている｢熊野堂(　)横穴墓群｣は、分布する数が百数十基以上(　)と推定され、県内でも有数の横穴墓群とされています。平成元年と平成6年に89基の横穴墓を発掘(　)調査した結果、横穴墓全体の分布範囲は大きく3つの区域(A～C)に分けられることが確認(　)され、築造形態は階段状、内部構造は玄室(げんしつ)(棺を納めるところ)がアーチ型・ドーム型で羨道(せんどう)部(玄室への通路)が比較的短いものが多いことがわかっています。",□埋葬施設について,埋葬施設については大変遺存状態が良く、一つの玄室から複数(2～7体)の人骨が追葬された状態で発見され、中には、再埋葬したと考えられる施設も確認されました。また、副葬品は直刀・矛、鉄鏃などの武器類、勾玉・切子玉・鈴釧・金環などの装飾品、土師器・須恵器などの土器類が出土しています。  ,□築造年代,横穴墓の築造年代は、構造や出土遺物から7世紀から8世紀にかけて造られたものとみられ、墓の性格は高舘熊野堂付近の支配者層の家族的な集団墓と推定されています。,□熊野堂横穴墓群,熊野堂横穴墓群は、古墳時代終末期に形成された墓地です。100基以上からなり、その分布のまとまりからＡ･Ｂ･Ｃ地区に分けられています。近くまでいくと、穴の中を覗くことができます。,□付近にある｢大門山遺跡｣について,"ここから南東に300ｍほどの所に｢大門山遺跡｣があります。この遺跡は鎌倉から室町時代にかけての大規模な墓所・供養所であると考えられています。埋経施設や火葬骨を納めた集石墓群も発見されました。東北の太平洋岸沿いの熊野信仰の拠点であった地域だけに、布教に関わった人々の墓所や信仰した人々の供養所であったと思われます。また、名取は県内でも板碑が数多く分布し、この大門山にその大半である300基以上が集中しています。",,,,,,,,,"名取市HP　http://www.city.natori.miyagi.jp/なとり百選　http://www.city.natori.miyagi.jp/natori100/index.htm",,,｢熊野堂横穴墓群｣に続く道は危険な箇所もあるので注意して下さい。,,,,,,,無,東北自動車道｢仙台南IC｣より、仙台方面へ向かい、国道286号線の信号2つ目を左折し、直進して信号がある交差点(正面に“高舘保育所入口”看板)を直進し、道なりに沿って進むと右手に案内板があります。所要時間約8分。,JR｢名取駅｣下車、西口から相互台線(なとりん号)バス乗換。,｢那智が丘入口｣停留所下車、北側に進み、すぐを左折すると着きます。徒歩約1分。(バスは平日3本、土日祝2本です),高舘熊野堂字大門山35,文化・スポーツ課　　　　　　　　　　　　,022-384-2111,●熊野神社●熊野本宮社 ●奥州三十三観音霊場(第一・第二・第三番札所)　　　　　●四ッ脚門●東街道,熊野堂横穴墓群,案内板,｢熊野堂横穴墓群｣に続く道,説明板,,,,A49_01.jpg,A49_02.jpg,A49_03.jpg,A49_04.jpg,,,
A50,高舘,通年,熊野那智神社,くまのなちじんじゃ,｢熊野那智神社(くまのなちじんじゃ)｣は名取(なとり)熊野三社(くまのさんしゃ)のひとつです。名取熊野三社とは、熊野(くまの)本宮社(ほんぐうしゃ)・熊野(くまの)神社(じんじゃ)(旧新宮社(きゅうしんぐうしゃ))・熊野那智神社のことをさします。熊野信仰は、熊野本宮・熊野速玉(くまのはやたま)・熊野那智の三山信仰で具現化されますが、たいてい各地方では三社(さんしゃ)合祀(ごうし)を行い、熊野神社として信奉されています。しかし、ここ名取では、紀伊(きしゅう)熊野(くまの)三山(さんざん)と同様の地理的・方角的位置関係に三社がそれぞれ勧請されています。それが現在高舘(たかだて)にある熊野本宮社・熊野神社(旧新宮社)・熊野那智神社の三社です。これには、平安(へいあん)末頃に紀州熊野の神々を厚く信じた名取の巫女(名取(なとり)老女(ろうじょ))の説話伝播が背景にあり名取熊野三社が成立したといわれています。このことより｢名取熊野三社｣は東北太平洋沿岸の熊野信仰の拠点とされています。,□国指定有形文化財美術工芸 ｢熊野那智神社 懸仏・銅鏡｣,国指定有形文化財美術工芸である｢熊野那智神社　懸仏・銅鏡｣は、熊野那智信仰のシンボルで、鎌倉・室町時代のものといわれています。｢なとり百選｣にも選ばれています。見学希望の場合は、事前申し込みをオススメします。,□熊野那智神社｢高野槇｣,熊野信仰の象徴的な樹木である｢高野槇｣は、｢なとり百選｣にも選ばれています。かつて熊野那智神社にはこのような大きな樹木が並んでいたため、海の方からは神社の目印になっていたといわれています。,□古代杉｢山一｣,名取の街から真っ先に見える古代杉｢山一｣は枝ぶりも見事な神社のシンボル的な木です。｢山一｣と呼ばれる理由は“山で一番大きくて目立つ”という意味からきています。,□鐘と紫陽花,境内に設置してある鐘は、自由につくことができます。また、夏には境内に紫陽花が咲き誇ります。,□｢名取熊野三山スタンプラリー｣,｢名取熊野三山のスタンプラリーカード｣があります。現在参加しているのは、熊野那智神社と熊野神社(旧新宮社)のみです。,□その他,"・4月の例大祭、7月の恒例祭がありますが、一般公開するものではありません。・今後説明板を作成する構想があります。",□熊野那智神社の仮宮と五方の辻碑(道標),5つの古道の合流地点であり、道標として5つの行き先を記してあります。,,,"なとり百選　http://www.city.natori.miyagi.jp/natori100/index.htm名取市HP　http://www.city.natori.miyagi.jp/",著者：野村和正「みやぎの国道をゆく｣発行元:東北建築協会、｢名取市文化財ガイドブック｣発行元:名取市教育委員会、著者：千葉宗久｢地図で見る高舘の歴史｣発行元:畑山印刷所、著者：氏家重男｢なとりの伝説と造物｣発行元:名取市郷土研究会/ふれあい,,,,,,,,,有(無料・普通車6台程度、中型バス可),東北自動車道｢仙台南IC｣より、仙台方面へ向かい、国道286号線の信号2つ目を右折し、直進。｢聖ヨハネ仙台ゆりが丘教会｣が右斜め前方にある交差点を右折。直進して｢ゆりが丘小学校｣前の交差点を左折し、｢那智が丘二丁目｣のバス停を過ぎたところを右折。突き当たりを左折し、公民館前の突き当たりを左折してすぐ右折し、Ｙ字路を左斜めへ進むと着きます。所要時間約22分。,JR｢名取駅｣下車、西口から相互台線(なとりん号)バス乗換。,｢那智が丘小学校前｣停留所下車、近くの階段を上り、左前方を進みます。左に上る道路があるところを左折し、Ｙ字路を左斜めへ進みます。徒歩約20分。(バスは平日3本、土日祝2本です),高舘吉田字館山8,文化・スポーツ課　　　　　　　　　　,022-384-7543,●高舘城跡●高舘山古墳  ●高舘山自然レクリエーション施設●那智が丘中央公園,秋の風景,国指定有形文化財美術工芸　　　　　｢懸仏・銅鏡｣１,国指定有形文化財美術工芸　　　　　｢懸仏・銅鏡｣２,高野槙,,,,A50_01.jpg,A50_02.jpg,A50_03.jpg,A50_04.jpg,,,
A51,高舘,通年,熊野本宮社,くまのほんぐうしゃ,　熊野信仰は、熊野(くまの)本宮(ほんぐう)・熊野速玉(くまのはやたま)・熊野那智(くまのなち)の三山信仰で具体化されていますが、たいてい各地方では三社合祀を行い、｢熊野神社｣として信奉されています。しかし、ここ名取では、紀伊(きい)の熊野三山と同様の地理的・方角的位置関係に三社がそれぞれ勧請されています。それが現在高舘(たかだて)にある熊野本宮社・熊野(くまの)神社(じんじゃ)(旧新宮社(きゅうしんぐうしゃ))・熊野那智神社(くまのなちじんじゃ)の三社です。熊野神社(旧新宮社)・熊野那智神社と合わせて、名取熊野三社のひとつである熊野本宮社では、市指定無形民俗文化財である｢熊野堂(くまのどう)十二(じゅうに)神(しん)鹿(しし)踊(おどり)｣が春(4月)と秋(10月)の例祭時(　)に舞(　)われます。,□熊野信仰,平安時代の終わり頃、｢仏は日本古来の神が姿を変えて現れたものである｣とする神仏習合の考えが広まると、社会不安の高まりとも相まって、念仏を唱えて阿弥陀仏にすがり、極楽浄土に生まれ変わることを願う｢浄土信仰｣が盛んになりました。紀州熊野の自然を信仰化した熊野信仰では、熊野の地が阿弥陀の浄化として考えられるようになり、天皇や貴族がこぞって熊野詣を行いました。やがて、有力な武士の間にも熊野信仰が浸透し、それらの武士の移住などに伴って、鎌倉時代以降、熊野信仰は全国に広がっていきました。,,,,,,,,,,,,,,,なとり百選　http://www.city.natori.miyagi.jp/natori100/index.htm,"著者:野村 和正「みやぎの国道をゆく」発行:東北建築協会　　　　　　　　｢名取市文化財ガイドブック｣発行：名取市教育委員会｢名取熊野三社パンフレット｣名取市・名取市観光協会著者:氏家重男「なとりの伝説と造物」発行:名取市郷土史研究会/ふれあい｢増刷改訂版名取市文化財調査報告書第23集　名取市の無形民俗文化財-(郷土芸能編)-　一九九八｣編集兼発行：名取市教育委員会",,,□祭り・イベント,"春例祭：4月第2日曜秋例祭：10月体育の日※春と秋の例祭時に市指定無形民俗文化財「熊野堂十二神鹿踊」が舞われます。",,,,,有（無料・普通車20台程度、大型バス可）,東北自動車道｢仙台南IC｣より、仙台方面へ向かい、国道286号線の信号2つ目を右折。直進していくと看板があり、そこを右折すると｢熊野本宮社｣に着きます。所要時間約6分。,JR｢名取駅｣下車、西口から相互台線(なとりん号)バス乗換。,｢那智が丘入口｣停留所下車、徒歩約15分。(バスは平日3本、土日祝2本です),高舘熊野堂字五反田34,文化・スポーツ課,022-386-2353,●熊野神社●熊野堂横穴墓群●名取川●東街道,熊野本宮社,神輿倉,神楽殿,全ての神社の発祥とされる　　　　　　　　内宮の文字を書した石碑,,,,A51_01.jpg,A51_02.jpg,A51_03.jpg,A51_04.jpg,,,
A52,高舘,通年,高舘城跡,たかだてじょうあと,"｢高舘(たかだて)城跡(じょうあと)｣は、高舘山(標高203ｍ)の中腹から山頂付近にかけて築城された円(えん)郭式(かくしき)の山城で、仙台(せんだい)平野(へいや)から仙台(せんだい)湾(わん)を一望できる場所に位置しています。この城跡は、安元(あんげん)元年(1175年)藤原秀衡(ふじわらのひでひら)が館を築き、文治(ぶんじ)5年(1185年)奥州合戦の折りは藤原勢が同城にたてこもり、鎌倉(かまくら)勢を迎え撃ったといわれています。その後、永禄(えいろく)年間(1558-1570年)に伊達稙宗(だてたてむね)が一時居城し、後に家臣の福田駿河守(ふくだするがのかみ)を城主として置いたとされています。また、観応の擾乱(かんのう　　じょうらん)(1351年)で多賀城(たがじょう)をめぐる攻防(　)のなかに出てくる｢羽黒(はぐろ)城(じょう)｣・｢名取(なとり)要害(ようがい)｣は高舘城のことだといわれています。このような歴史(　)的背景を持つ高舘城は、市内に現存する中世の城館跡のなかでも典型的な山城として大変重要な城跡となっています。",□高舘城跡平面図について,高舘城の規模は、東西400ｍ、南北500ｍに亘って土塁や平野の遺構が認められています。中央の本丸周囲には、北ノ丸・東ノ丸・南ノ丸・西ノ丸があり、南北にかけての3ヶ所の尾根に小規模な平野があります。一つは“秀衡ヶ崎”と呼ばれています。,□市指定 記念物 史跡 城館跡,平成2年3月31日指定,□ゆかりのある人物,藤原秀衡・伊達稙宗・福田駿河守,□所有者(管理者),民有地、一部名取市,,,,,,,,,名取市HP　http://www.city.natori.miyagi.jp/,｢名取市文化財ガイドブック｣発行元：名取市教育委員会、名取市HP,｢名取市文化財ガイドブック｣発行元：名取市教育委員会,入り口に案内板はありますが、道を進んで行くと特に道標や案内などがないため、現地がわかりにくくなっています。,,,,,,,無,東北自動車道｢仙台南IC｣より、仙台方面へ向かい、国道286号線の信号2つ目を右折。坂を上るように直進していくと｢仙台ゆりが丘教会｣が右斜め前方の交差点を右折。直進して｢ゆりが丘小学校｣前の交差点を左折し、｢那智が丘二丁目｣のバス停を過ぎ、右折。突き当たりを左折し、｢那智が丘公民館｣前の突き当たりを左折して、すぐ右折すると｢高舘山｣です。Ｙ字路のすぐ左手に｢高舘城跡｣の案内板があります。所要時間約20分。,JR｢名取駅｣下車、西口から相互台線(なとりん号)バス乗換。,"｢那智が丘小学校前｣停留所下車、近くに上部に行く階段があるので、階段を上り、左前方を進みます。左に上る道路があるため、左折。Ｙ字路のすぐ左手に｢高舘城跡｣の案内板があります。徒歩約10分。(バスは平日3本、土日祝2本です)※｢高舘城跡｣へは、｢高舘城跡｣の案内板から進み、中に入ると特に途中の案内板や道標がなく、写真の石碑(蔵王山など)を目印として、石碑を正面に石碑のすぐ右横を上っていくと、｢高舘城跡｣の本丸に着きます。道は整備されていないため、とても険しく、現地のはっきりした場所もわかりにくいです。",高舘吉田字西真坂　　,文化・スポーツ課　　　　　　　　　　　　,022-384-2111,●熊野那智神社●高舘山古墳●高舘山自然レクリエーション施設●那智が丘中央公園,「高舘城跡」看板,高舘山,石碑,,,,,A52_01.jpg,A52_02.jpg,A52_03.jpg,,,,
A53,高舘,通年,高舘山古墳,たかだてやまこふん,｢高舘山古墳(たかだてやまこふん)｣は、昭和46年に高舘山の中腹(標高124ｍ付近)の｢熊野那智神社(くまのなちじんじゃ)｣への表参道沿いから発見された前方後方墳です。中世から近世にかけて、高舘城の平場の一部として利用され、かなり変形していますが、全長約60ｍの比較的大型の古墳です。出土遺物もなく、地形測量以外の詳細な調査は行われていませんが、山頂墳の前方後方墳とすれば、立地状況や墳丘の形などから名取市内はもとより、仙台平野内でも最も古い時期の古墳の一つといわれています。,□仙台平野における最初の古墳,宮城県における古墳造営開始を考える上で貴重な古墳であるといわれています。,□｢高舘山古墳｣の現状,残念ながら現在は、杉など草木が生い茂り、明確に現地がわかるような状態ではありません。,□市指定　記念物　史跡　古墳 ,平成2年3月31日指定,□所有者,名取市,,,,,,,,,名取市HP　http://www.city.natori.miyagi.jp/,｢名取市文化財ガイドブック｣発行元:名取市教育委員会、名取市HP,,,,,,,,,無,東北自動車道｢仙台南IC｣より、仙台方面へ向かい、国道286号線の信号2つ目を右折し、直進していくと｢聖ヨハネ仙台ゆりが丘教会｣が右斜め前方にある交差点があります。そこを右折、直進して｢ゆりが丘小学校｣前の交差点を左折し、｢那智が丘二丁目｣のバス停を過ぎたところを右折。突き当たりを左折し、｢那智が丘公民館｣前の突き当たりを左折してすぐ右折すると高舘山です。所要時間約20分。,JR｢名取駅｣下車、西口から相互台線(なとりん号)バス乗換。,"｢那智が丘小学校前｣停留所下車、近くに上部に行く階段があるので、階段を上り、左前方へ進みます。左に上る道路があるところを左折。徒歩10分で高舘山の入り口になります。(バスは平日3本、土日祝2本です)※｢高舘山古墳｣へは、Ｙ字路の左手(観音堂を背にしたところ)に｢高舘城跡｣の案内板が出ています。そこが入り口です。中に入ると案内板や道標がなく、途中にある石碑(蔵王山など)が最後の目印として、石碑を左手に右斜めに進んでいくと現地に着きます。道は整備されていないため、とても険しく、現地のはっきりとした場所もわかりにくいです。",高舘吉田字西真坂　　　　　　　　　　,文化・スポーツ課　　　　　　　　　　　　,022-384-2111,●高舘城跡●熊野那智神社●高舘山自然レクリエーション施設●那智が丘中央公園,目印となる入口看板,高舘山,目印となる石碑,墳丘,,,,A53_01.jpg,A53_02.jpg,A53_03.jpg,A53_04.jpg,,,
A57,高舘,通年,四ッ脚門,よつあしもん,"　第二次世界大戦で、書面等は全て焼けてしまい文書は残っていませんが、｢伊達政宗(だてまさむね)が参勤交代のとき、休み場(　)としてキジ狩りをしたところ｣と言い伝えられています。東街道(あずまかいどう)の通るこの一帯は伊達家の御狩場(みかりば)であった地として知られています。そこに建つ｢四ッ脚門｣は、江戸(えど)時代、伊達政宗が参勤交代で江戸に向かう折、途上のこの門にて休憩(　)を取ったとの言い伝えがあり、幾度かの修復を重ねながら現在まで大切に受け継(　)がれています。現在残っているのは2～3年前に建て替えたものです。",□説明板,説明板があるため、ぶらりと散策していてもその由来を気軽に知ることができます。,□政宗自販機,｢四ッ脚門｣の向かいには、門の由来にちなんだデザインの自動販売機があります。,□その他,平成22年にはミヤギテレビの｢ＯＨ！バンデス｣でも取り上げられました。,,,,,,,,,,,,,,,,,,,,,無,仙台東部道路｢仙台南IC｣より、仙台方面へ向かい、国道28号線の信号2つ目を右折。しばらく直進して右手の「新宮寺」を越えた交差点を右折し、「訪問看護ステーションふれあい」の手前の交差点を右折。道なりに直進すると着きます。所要時間約13分。,JR｢名取駅｣下車、西口から相互台線(なとりん号)バス乗換。,｢南｣停留所下車、北に進み、細い左折路に入り、直進していくと着きます。徒歩約4分。(バスは平日3本、土日祝2本です),高舘熊ノ堂字岩口南37-1,,,●熊野堂横穴墓群●熊野本宮社●熊野神社●奥州三十三観音霊場(第一・第二・第三番札所)●東街道,四ッ脚門,説明板,政宗自販機,,,,,A57_01.jpg,A57_02.jpg,A57_03.jpg,,,,
A58,閖上,通年,ゆりあげ港朝市,ゆりあげみなとあさいち,"県南部では最大規模を誇る「ゆりあげ港朝市」は、1985年にオープンしました。震災前は60軒ほどの店が並んでいました。震災により壊滅的な被害を受けましたが、震災から2年目の平成25年5月4日にカナダー東北復興プロジェクトの支援を受けメイプル館と店舗建物2棟を建設。閖上を元に戻すだけではなく、東北一の人々が集まる観光名所にする大きな思いを胸に、閖上で再建された第一号の施設です。日曜・祝日には5,000から～6,000人の来場者があり、活気に満ち溢れています。新鮮な海の幸、取れたての野菜、お食事処が勢揃いする約５０店舗の朝市です。 買って頂いたものを隣接した炉端焼きコーナーで焼いて、広浦湾を眺めながら食べる事もできます。 また、めったに体験できない競り市にも気軽にご参加いただけます。",□炉端焼きコーナー,購入したばかりの新鮮な水産物を炭火焼にして、その場で食べられる無料の「炭焼きコーナー」があります。,□メイプル館,カナダ政府などの支援により建設された施設。カナダ産の木材を使用した建物内には、名取名物が食べられる飲食スペースのほか、特産品販売コーナーや震災前後の写真展示、津波映像コーナーが常設されている。,,,,,,,,,,,,,ゆりあげ港朝市HP　http://yuriageasaichi.com/,,,,営業日,"朝市：日曜日・祝日のみ開催　時間6:00～13:00メイプル館：平日・土曜日10:00～16:00 日・祝日6:00～13:00　定休日：木曜日",,,,,有100台,仙台東部道路「名取IC」より、県道129号線を左折し、直進し五差路の信号を右斜め方面に進みます。日和山や慰霊碑のある十字路を右折すると左側に建物が見えてきます。,,,閖上五丁目23－20,文化・スポーツ課　　　　　　　　　　　　,022-395-7211,,朝市集合,朝市全体図,炉端焼き,メイプル館,,,,A58_01.jpg,A58_02.jpg,A58_03.jpg,A58_04.jpg,,,
A59,下増田,通年,閖上さいかい市場,ゆりあげさいかいいちば,東日本大震災の約1年後にオープンした仮設商店街。市場の名称は、閖上での事業の「再開」とお客様との「再会」を願って名づけられた。市場では、閖上の特産品である赤貝などの水産加工品をはじめ、鮮魚や精肉、地酒などを扱う多くの店舗が元気に営業。大人気の赤貝まつりや鍋まつりコンテストなど、イベントもたくさん開催している。,,,,,,,,,,,,,,,,,,,,,営業日,10:00～19:00　定休日：水曜日（一部店舗により異なる）,,,,,有,,仙台空港アクセス線「美田園駅」から徒歩10分,,美田園七丁目1-1,ゆりあげ港朝市協同組合,022-382-3236,,閖上さいかい市場,,,,,,,A59_01.jpg,,,,,,
A60,,,カーナくん,かーなくん,2008年、名取市の市制施行50周年を記念して誕生。名取市の特産品であるカーネーションと名取市の頭文字「N」がモチーフです。,,,,,,,,,,,,,,,,,,,,,,,,,,,,,,,,名取市商工会,022-382-6526,,カーナくん1,カーナくん2,,,,,,A60_01.jpg,A60_02.jpg,,,,,
A61,,,閖上の赤貝,ゆりあげのあかがい,「閖上の赤貝」は東京築地では本玉と呼ばれる高価な食材です。食感・味・香りが日本一と言われている閖上産の赤貝を「ゆりあげ港朝市」市内飲食店で味わうことができます。,,,,,,,,,,,,,,,,,,,,,,,,,,,,,,,,名取市観光物産協会,022-382-6526,,赤貝,,,,,,,A61_01.jpg,,,,,,
A62,,,せり,せり,名取は県内有数のせり産地として知られています。せりは、江戸時代から栽培されてきたといわれているため400年に近い歴史を持つまさに伝統野菜といえます。宮城県におけるせりの出荷ピークは12月。夏を除いて一年中美味しく食べられますが、旬の時期は11月から2月です。せりは肌に潤いを与えるビタミンCや、腸の調子を整える食物繊維が豊富。鉄分も多く、貧血や冷え性にもいいとされています。おひたしや天ぷらもおいしいですが、おすすめは鍋。根のシャキシャキした食感と風味は絶品です。,,,,,,,,,,,,,,,,,,,,,,,,,,,,,,,,名取市観光物産協会,022-382-6526,,せり（収穫）,せり鍋,,,,,,A62_01.jpg,A62_02.jpg,,,,,
A63,,,笹かまぼこ,ささかまぼこ,閖上は笹かまぼこ発祥の地。大漁にとれたヒラメを長くおいしく食べるため、すり身にした魚をよく練り、竹串にさして焼いたのが始まりだと言われています。わさび醤油やマヨネーズをつけてそのまま食べるのが定番ですが、焼いた時の香りと食感の良さは格別。しかも、かまぼこの原料である白身魚にはアミノ酸とミネラルがたっぷり含まれています。,,,,,,,,,,,,,,,,,,,,,,,,,,,,,,,,名取市観光物産協会,022-382-6526,,笹かまぼこ1,笹かまぼこ2,,,,,,A63_01.jpg,A63_02.jpg,,,,,
A64,,,たけのこ,たけのこ,孟宗竹が数多く点在している愛島地区は、県内有数のたけのこの産地です。出荷時期は5月で、名取愛島産のたけのこは特に香りが高く、柔らかくてみずみずしいと評判です。,,,,,,,,,,,,,,,,,,,,,,,,,,,,,,,,名取市観光物産協会,022-382-6526,,たけのこ,,,,,,,A64_01.jpg,,,,,,
A65,,,カーネーション,かーねーしょん,"　昭和15年頃から花の栽培を始めて、今やカーネーション、バラ、ストレッチャーなど施設園芸の産地となった名取市。中でも、カーネーションは東北一の生産量を誇り、全国から高評価を得ています。それは、新技術、新品種の導入に努め、技術の改良に取り組む成果でもあります。毎年、名取市の成人式にカーネーションとバラの花束を提供してきました。東日本大震災では大きな被害を受けましたが、津波で押し倒された株からも次々とカーネーションが咲き続け、周囲からの要望を受け、平成23年5月には「津波に負けないカーネーション」をスーパーや直売所等で販売し、営農再開への希望が芽生えました。",,,,,,,,,,,,,,,,,,,,,,,,,,,,,,,,名取市観光物産協会,022-382-6526,,カーネーション（赤1）,カーネーション（赤2）,カーネーション（黄）,,,,,A65_01.jpg,A65_02.jpg,A65_03.jpg,,,,
A66,閖上,通年,日和山,ひよりやま,海岸から700メートル離れた場所に位置する標高6.3メートルの山。震災時は8.4メートルもの大津波が押し寄せ、山頂にあった湊神社と富主姫神社を押し流しました。現在、神社は有志の手によって再興されています。,,,,,,,,,,,,,,,,,,,,,,,,,,,,,,,閖上四丁目19,名取市観光物産協会,022-382-6526,,日和山,,,,,,,A66_01.jpg,,,,,,
A67,閖上,通年,慰霊碑,いれいひ,震災の犠牲者を偲び、復興に向けた決意を表すために建てられた慰霊碑。芝生で覆われた直径14メートルの盛り土には、閖上に豊かな大地が戻ってほしいという願いが、中央の芽生えの塔には未来への希望が込められています。,,,,,,,,,,,,,,,,,,,,,,,,,,,,,,,閖上五丁目1,名取市観光物産協会,022-384-2111,,慰霊碑,,,,,,,A67_01.jpg,,,,,,,,,,,,,,,,,,,,,,,,,,,,,,,,,,,,,,,,,,,政策企画課,,,,,,,,,,,,,,,,
